0;0;0;0;land;false;unknown;0
1;138;238;191;land;true;urban;1
2;216;204;235;land;true;marsh;1
3;185;144;222;land;false;marsh;1
4;220;202;219;land;false;jungle;1
5;94;250;247;land;true;mountain;1
6;216;128;196;land;true;mountain;1
7;174;240;202;land;true;forest;1
8;181;251;118;land;true;marsh;1
9;108;166;250;land;true;plains;1
10;134;244;164;land;false;urban;1
11;190;232;229;land;true;desert;1
12;247;149;121;land;true;marsh;1
13;84;214;236;land;true;urban;1
14;158;173;226;land;false;forest;1
15;153;248;215;land;false;plains;1
16;180;135;225;land;true;mountain;1
17;217;183;222;land;true;plains;1
18;219;147;213;land;false;urban;1
19;252;85;177;land;true;mountain;1
20;247;211;54;land;true;mountain;1
21;194;196;189;land;true;urban;1
22;215;103;208;land;true;urban;1
23;245;198;210;land;true;marsh;1
24;148;239;170;land;false;marsh;1
25;231;218;199;land;true;forest;1
26;176;234;221;land;true;urban;1
27;242;253;168;land;true;forest;1
28;214;218;130;land;true;mountain;1
29;191;110;215;land;true;mountain;1
30;210;234;131;land;true;plains;1
31;221;225;100;land;true;forest;1
32;248;254;57;land;true;mountain;1
33;145;245;143;land;false;mountain;1
34;242;76;189;land;false;plains;1
35;132;178;213;land;true;mountain;1
36;184;211;252;land;true;desert;1
37;205;188;166;land;true;desert;1
38;192;170;159;land;false;forest;1
39;170;190;237;land;true;mountain;1
40;242;145;163;land;true;desert;1
41;212;101;223;land;true;forest;1
42;213;97;238;land;true;mountain;1
43;170;121;232;land;true;forest;1
44;196;119;192;land;true;desert;1
45;229;228;216;land;false;forest;1
46;44;243;221;land;false;plains;1
47;237;87;251;land;true;mountain;1
48;57;219;249;land;true;mountain;1
49;228;65;208;land;true;mountain;1
50;166;232;218;land;true;forest;1
51;219;214;171;land;true;mountain;1
52;215;227;65;land;true;jungle;1
53;226;114;183;land;true;mountain;1
54;212;237;251;land;false;mountain;1
55;131;241;248;land;true;desert;1
56;172;169;219;land;false;desert;1
57;135;166;221;land;true;forest;1
58;205;244;160;land;false;urban;1
59;236;180;197;land;true;forest;1
60;158;238;113;land;false;plains;1
61;235;213;205;land;true;hills;1
62;68;247;222;land;true;plains;1
63;241;245;173;land;false;urban;1
64;179;197;161;land;true;urban;1
65;234;189;187;land;true;mountain;1
66;240;69;215;land;true;mountain;1
67;236;221;197;land;true;mountain;1
68;214;175;114;land;false;marsh;1
69;224;148;152;land;true;plains;1
70;219;132;223;land;false;marsh;1
71;200;211;98;land;false;plains;1
72;143;218;202;land;true;plains;1
73;149;247;142;land;true;plains;1
74;140;230;231;land;false;urban;1
75;125;242;249;land;false;jungle;1
76;252;89;172;land;true;mountain;1
77;193;250;134;land;false;jungle;1
78;219;244;194;land;true;forest;1
79;189;198;180;land;true;desert;1
80;207;159;191;land;true;marsh;1
81;249;75;245;land;true;desert;1
82;206;113;200;land;true;plains;1
83;179;220;119;land;true;jungle;1
84;224;175;230;land;false;urban;1
85;164;181;236;land;true;jungle;1
86;212;253;203;land;true;jungle;1
87;234;215;160;land;true;plains;1
88;147;146;243;land;true;jungle;1
89;236;207;164;land;false;desert;1
90;203;199;177;land;true;marsh;1
91;163;245;130;land;true;mountain;1
92;166;166;216;land;false;forest;1
93;250;152;99;land;true;mountain;1
94;244;35;223;land;false;mountain;1
95;214;116;199;land;true;marsh;1
96;153;154;209;land;true;marsh;1
97;131;188;253;land;false;hills;1
98;217;236;150;land;false;plains;1
99;78;221;237;land;true;plains;1
100;184;190;200;land;true;plains;1
101;249;191;199;land;true;mountain;1
102;97;233;199;land;true;forest;1
103;223;169;128;land;true;mountain;1
104;171;237;160;land;true;plains;1
105;201;219;114;land;false;desert;1
106;248;219;245;land;true;mountain;1
107;161;219;179;land;true;marsh;1
108;212;228;177;land;true;marsh;1
109;159;240;212;land;false;urban;1
110;251;196;217;land;false;jungle;1
111;201;161;192;land;true;mountain;1
112;208;135;206;land;false;desert;1
113;217;238;197;land;true;jungle;1
114;147;221;212;land;true;jungle;1
115;199;244;69;land;true;mountain;1
116;223;226;176;land;true;jungle;1
117;222;158;233;land;false;urban;1
118;195;244;238;land;false;urban;1
119;233;178;207;land;true;plains;1
120;198;237;219;land;true;plains;1
121;186;250;133;land;true;desert;1
122;236;134;204;land;false;mountain;1
123;254;136;209;land;true;jungle;1
124;100;188;227;land;true;mountain;1
125;107;218;185;land;true;mountain;1
126;249;138;190;land;false;plains;1
127;212;151;201;land;true;marsh;1
128;170;217;145;land;true;desert;1
129;243;252;237;land;true;urban;1
130;140;114;251;land;true;mountain;1
131;208;199;184;land;true;desert;1
132;53;232;243;land;true;desert;1
133;190;176;194;land;true;plains;1
134;178;180;254;land;false;desert;1
135;192;199;221;land;false;mountain;1
136;249;236;16;land;true;desert;1
137;216;183;130;land;true;mountain;1
138;188;201;135;land;true;forest;1
139;249;23;231;land;true;urban;1
140;56;232;245;land;true;mountain;1
141;115;202;246;land;true;jungle;1
142;195;190;139;land;false;jungle;1
143;187;209;163;land;false;forest;1
144;156;168;250;land;true;urban;1
145;190;115;213;land;false;jungle;1
146;251;217;241;land;true;jungle;1
147;218;142;251;land;false;forest;1
148;251;204;110;land;true;jungle;1
149;155;251;115;land;true;mountain;1
150;224;33;253;land;false;urban;1
151;171;201;160;land;true;plains;1
152;203;190;153;land;true;jungle;1
153;172;153;178;land;true;mountain;1
154;250;129;146;land;false;desert;1
155;48;252;207;land;true;mountain;1
156;171;132;232;land;true;mountain;1
157;167;189;214;land;true;plains;1
158;233;254;208;land;true;marsh;1
159;125;252;175;land;true;marsh;1
160;178;253;115;land;true;marsh;1
161;99;215;222;land;true;mountain;1
162;206;213;213;land;true;mountain;1
163;150;179;226;land;false;plains;1
164;238;177;142;land;true;plains;1
165;239;95;186;land;true;mountain;1
166;139;239;150;land;false;jungle;1
167;72;254;203;land;true;mountain;1
168;240;205;91;land;true;mountain;1
169;187;154;181;land;true;mountain;1
170;129;149;229;land;true;desert;1
171;238;214;51;land;true;marsh;1
172;219;168;214;land;false;plains;1
173;138;253;162;land;true;marsh;1
174;69;228;226;land;true;marsh;1
175;143;130;233;land;false;plains;1
176;241;235;106;land;true;mountain;1
177;51;234;249;land;true;urban;1
178;238;236;68;land;true;forest;1
179;180;239;137;land;true;desert;1
180;159;246;190;land;true;mountain;1
181;242;222;167;land;false;marsh;1
182;236;56;228;land;true;plains;1
183;184;141;234;land;true;plains;1
184;134;250;194;land;true;mountain;1
185;234;207;223;land;true;mountain;1
186;218;243;93;land;false;desert;1
187;212;181;193;land;true;mountain;1
188;164;128;209;land;false;plains;1
189;252;110;227;land;false;mountain;1
190;145;219;159;land;false;plains;1
191;230;252;251;land;true;mountain;1
192;136;225;160;land;true;desert;1
193;210;224;168;land;true;mountain;1
194;117;248;152;land;true;mountain;1
195;222;133;172;land;true;mountain;1
196;229;215;157;land;true;plains;1
197;219;202;191;land;true;plains;1
198;197;231;197;land;true;marsh;1
199;121;241;141;land;true;urban;1
200;220;174;219;land;false;plains;1
201;81;247;241;land;true;urban;1
202;244;246;31;land;false;marsh;1
203;230;47;237;land;true;plains;1
204;193;203;248;land;true;plains;1
205;250;135;222;land;true;forest;1
206;211;123;216;land;true;plains;1
207;232;178;222;land;true;desert;1
208;100;254;229;land;true;mountain;1
209;70;235;211;land;true;plains;1
210;191;219;146;land;true;urban;1
211;217;116;221;land;true;mountain;1
212;71;252;222;land;true;mountain;1
213;228;216;107;land;false;urban;1
214;202;198;235;land;true;mountain;1
215;236;76;236;land;false;plains;1
216;232;223;124;land;true;mountain;1
217;71;242;250;land;true;mountain;1
218;209;122;228;land;true;jungle;1
219;101;163;241;land;true;desert;1
220;186;173;243;land;true;mountain;1
221;164;203;180;land;true;desert;1
222;244;207;170;land;true;mountain;1
223;150;248;210;land;true;hills;1
224;208;208;189;land;true;forest;1
225;151;250;118;land;true;desert;1
226;211;246;94;land;false;forest;1
227;187;219;226;land;true;plains;1
228;90;238;230;land;true;urban;1
229;186;212;121;land;false;marsh;1
230;183;235;199;land;true;forest;1
231;74;245;195;land;true;desert;1
232;216;183;187;land;true;desert;1
233;243;226;246;land;true;urban;1
234;125;152;248;land;true;mountain;1
235;213;92;205;land;true;desert;1
236;119;254;247;land;false;desert;1
237;229;122;243;land;true;mountain;1
238;218;213;127;land;true;mountain;1
239;240;230;221;land;false;plains;1
240;244;204;89;land;true;forest;1
241;142;169;191;land;true;mountain;1
242;231;154;217;land;false;forest;1
243;130;241;244;land;true;forest;1
244;232;219;169;land;true;plains;1
245;177;130;226;land;false;plains;1
246;195;188;131;land;true;plains;1
247;242;178;106;land;true;mountain;1
248;121;246;228;land;false;desert;1
249;196;251;104;land;false;plains;1
250;187;196;222;land;true;mountain;1
251;253;66;246;land;true;mountain;1
252;240;71;247;land;true;mountain;1
253;254;127;161;land;true;urban;1
254;198;153;190;land;true;mountain;1
255;190;189;144;land;true;mountain;1
256;231;207;153;land;true;jungle;1
257;109;193;252;land;true;mountain;1
258;235;211;235;land;true;marsh;1
259;180;194;228;land;true;mountain;1
260;154;247;147;land;false;jungle;1
261;116;205;183;land;false;plains;1
262;233;186;192;land;true;mountain;1
263;254;222;37;land;true;mountain;1
264;221;232;236;land;true;mountain;1
265;120;185;203;land;true;mountain;1
266;162;165;191;land;true;desert;1
267;215;220;177;land;true;hills;1
268;98;239;230;land;true;plains;1
269;204;80;224;land;true;desert;1
270;245;118;138;land;false;forest;1
271;93;249;249;land;true;mountain;1
272;174;189;199;land;true;plains;1
273;211;117;177;land;false;plains;1
274;158;116;251;land;true;jungle;1
275;182;219;175;land;true;desert;1
276;183;122;205;land;true;marsh;1
277;160;246;233;land;false;hills;1
278;185;218;111;land;true;plains;1
279;181;237;141;land;false;mountain;1
280;204;203;115;land;true;jungle;1
281;240;46;227;land;true;plains;1
282;161;251;156;land;true;mountain;1
283;137;216;201;land;false;plains;1
284;218;217;195;land;true;plains;1
285;205;242;96;land;true;mountain;1
286;235;233;185;land;true;mountain;1
287;241;91;189;land;false;forest;1
288;136;213;217;land;true;marsh;1
289;233;119;189;land;false;desert;1
290;74;222;206;land;true;mountain;1
291;145;254;111;land;false;desert;1
292;199;112;201;land;true;urban;1
293;231;193;109;land;true;desert;1
294;81;240;228;land;false;plains;1
295;206;116;242;land;true;mountain;1
296;208;168;181;land;true;mountain;1
297;200;224;112;land;true;plains;1
298;247;108;186;land;true;mountain;1
299;151;184;254;land;false;urban;1
300;121;201;199;land;true;marsh;1
301;217;173;111;land;false;desert;1
302;98;239;228;land;false;plains;1
303;221;175;241;land;false;urban;1
304;229;190;170;land;true;forest;1
305;206;176;163;land;true;mountain;1
306;190;212;203;land;true;plains;1
307;193;123;254;land;true;mountain;1
308;236;220;114;land;false;desert;1
309;75;250;242;land;true;plains;1
310;223;165;130;land;false;urban;1
311;234;200;194;land;true;mountain;1
312;194;221;154;land;false;mountain;1
313;236;50;222;land;true;mountain;1
314;253;192;115;land;false;jungle;1
315;222;217;253;land;true;desert;1
316;233;121;151;land;false;plains;1
317;175;129;213;land;false;jungle;1
318;254;189;170;land;true;jungle;1
319;209;244;248;land;true;urban;1
320;149;254;137;land;true;mountain;1
321;171;176;236;land;true;mountain;1
322;195;156;179;land;true;marsh;1
323;138;171;196;land;true;plains;1
324;252;129;253;land;true;marsh;1
325;216;232;199;land;true;desert;1
326;225;166;187;land;false;marsh;1
327;212;196;148;land;true;mountain;1
328;216;216;196;land;true;marsh;1
329;225;180;132;land;true;mountain;1
330;219;226;100;land;true;mountain;1
331;247;144;216;land;true;forest;1
332;161;166;179;land;true;mountain;1
333;245;164;104;land;false;urban;1
334;251;86;211;land;true;plains;1
335;108;242;199;land;true;urban;1
336;148;232;123;land;true;jungle;1
337;214;183;197;land;false;desert;1
338;198;212;177;land;false;urban;1
339;212;235;209;land;true;plains;1
340;235;244;153;land;true;jungle;1
341;105;240;237;land;false;desert;1
342;179;241;194;land;true;jungle;1
343;227;153;247;land;true;jungle;1
344;209;241;165;land;true;mountain;1
345;249;218;188;land;true;forest;1
346;116;202;188;land;false;urban;1
347;227;160;191;land;true;forest;1
348;166;231;224;land;true;mountain;1
349;190;218;195;land;true;forest;1
350;150;218;133;land;true;desert;1
351;217;139;180;land;true;plains;1
352;224;127;218;land;true;mountain;1
353;128;195;197;land;true;mountain;1
354;229;205;136;land;false;plains;1
355;97;208;207;land;true;forest;1
356;210;74;224;land;false;forest;1
357;212;174;199;land;true;urban;1
358;211;182;111;land;true;mountain;1
359;173;221;117;land;false;marsh;1
360;189;94;248;land;true;mountain;1
361;168;125;248;land;true;desert;1
362;212;143;175;land;true;jungle;1
363;247;194;119;land;false;forest;1
364;132;239;217;land;true;mountain;1
365;119;247;183;land;true;plains;1
366;208;247;237;land;true;urban;1
367;204;210;108;land;true;marsh;1
368;195;165;152;land;true;plains;1
369;245;243;122;land;true;plains;1
370;116;188;225;land;true;mountain;1
371;241;98;172;land;false;jungle;1
372;237;245;37;land;true;mountain;1
373;166;233;111;land;true;mountain;1
374;253;76;203;land;false;forest;1
375;138;157;230;land;false;plains;1
376;110;253;195;land;true;marsh;1
377;250;166;127;land;false;forest;1
378;128;217;209;land;false;marsh;1
379;234;245;114;land;false;marsh;1
380;175;248;231;land;true;mountain;1
381;236;69;200;land;true;mountain;1
382;233;220;79;land;false;urban;1
383;125;204;232;land;false;urban;1
384;207;252;107;land;true;mountain;1
385;151;253;107;land;false;marsh;1
386;188;198;250;land;false;marsh;1
387;241;238;153;land;true;mountain;1
388;197;230;249;land;true;mountain;1
389;227;193;85;land;false;urban;1
390;95;239;170;land;false;plains;1
391;229;212;118;land;true;plains;1
392;234;136;251;land;false;plains;1
393;206;210;141;land;true;jungle;1
394;143;166;212;land;false;mountain;1
395;224;197;187;land;true;plains;1
396;241;212;83;land;true;desert;1
397;219;254;118;land;false;plains;1
398;195;144;163;land;true;mountain;1
399;242;193;69;land;true;plains;1
400;253;158;146;land;true;mountain;1
401;250;49;205;land;true;marsh;1
402;226;246;105;land;true;plains;1
403;179;231;150;land;true;urban;1
404;178;248;243;land;true;forest;1
405;221;201;175;land;false;jungle;1
406;197;238;200;land;false;urban;1
407;251;148;193;land;true;plains;1
408;112;253;165;land;true;plains;1
409;218;252;252;land;true;desert;1
410;250;252;46;land;true;desert;1
411;208;110;203;land;false;jungle;1
412;160;246;168;land;true;plains;1
413;87;205;220;land;true;plains;1
414;226;242;227;land;false;jungle;1
415;235;229;241;land;true;jungle;1
416;145;248;119;land;true;mountain;1
417;123;226;173;land;true;mountain;1
418;136;236;129;land;true;plains;1
419;159;207;136;land;true;urban;1
420;130;207;172;land;true;jungle;1
421;246;114;249;land;true;forest;1
422;83;231;241;land;true;mountain;1
423;73;245;204;land;true;mountain;1
424;231;248;202;land;true;plains;1
425;227;208;166;land;true;plains;1
426;231;251;92;land;true;plains;1
427;90;183;243;land;true;plains;1
428;92;234;179;land;true;urban;1
429;222;248;76;land;true;plains;1
430;154;203;190;land;true;mountain;1
431;172;161;249;land;true;jungle;1
432;254;190;107;land;true;desert;1
433;154;129;235;land;true;desert;1
434;122;251;235;land;true;desert;1
435;37;254;216;land;true;mountain;1
436;207;66;240;land;false;forest;1
437;238;179;189;land;true;mountain;1
438;195;172;158;land;true;mountain;1
439;167;233;191;land;false;forest;1
440;177;191;139;land;false;marsh;1
441;254;218;211;land;false;desert;1
442;233;109;193;land;true;mountain;1
443;145;235;181;land;true;mountain;1
444;226;79;223;land;true;plains;1
445;219;158;194;land;true;plains;1
446;252;173;196;land;true;mountain;1
447;189;183;146;land;true;mountain;1
448;228;52;223;land;true;marsh;1
449;245;144;206;land;true;urban;1
450;218;239;186;land;false;forest;1
451;194;196;204;land;true;marsh;1
452;199;220;201;land;true;forest;1
453;251;225;98;land;true;mountain;1
454;182;163;221;land;true;mountain;1
455;176;178;168;land;false;marsh;1
456;193;201;140;land;true;mountain;1
457;81;243;221;land;true;mountain;1
458;207;100;231;land;true;urban;1
459;224;242;44;land;true;mountain;1
460;213;130;168;land;true;mountain;1
461;216;170;119;land;true;mountain;1
462;147;166;207;land;false;mountain;1
463;197;220;214;land;false;mountain;1
464;243;142;239;land;false;mountain;1
465;137;208;213;land;true;mountain;1
466;233;245;166;land;false;mountain;1
467;58;228;248;land;true;mountain;1
468;240;225;107;land;true;mountain;1
469;70;232;215;land;true;forest;1
470;242;233;220;land;true;mountain;1
471;155;251;180;land;true;mountain;1
472;107;199;203;land;true;mountain;1
473;197;199;206;land;true;mountain;1
474;239;239;115;land;true;mountain;1
475;238;222;197;land;true;mountain;1
476;186;231;129;land;false;mountain;1
477;220;89;220;land;true;mountain;1
478;140;189;238;land;true;mountain;1
479;251;159;157;land;true;mountain;1
480;98;246;222;land;true;mountain;1
481;251;147;241;land;true;mountain;1
482;188;155;209;land;true;plains;1
483;221;248;195;land;true;plains;1
484;156;147;221;land;true;plains;1
485;252;75;212;land;true;mountain;1
486;237;202;111;land;true;mountain;1
487;165;226;246;land;false;plains;1
488;168;219;156;land;true;mountain;1
489;235;134;220;land;true;plains;1
490;163;249;150;land;true;plains;1
491;207;190;198;land;true;mountain;1
492;204;242;137;land;true;mountain;1
493;251;190;148;land;false;mountain;1
494;170;147;225;land;false;mountain;1
495;185;149;252;land;true;mountain;1
496;243;246;251;land;true;mountain;1
497;207;202;189;land;true;mountain;1
498;140;247;193;land;true;mountain;1
499;208;250;74;land;true;mountain;1
500;227;157;138;land;true;mountain;1
501;133;233;231;land;true;mountain;1
502;252;221;70;land;true;forest;1
503;171;168;226;land;true;forest;1
504;250;35;248;land;true;forest;1
505;188;251;116;land;true;forest;1
506;225;230;177;land;false;forest;1
507;35;248;221;land;false;forest;1
508;232;111;216;land;true;forest;1
509;101;224;219;land;true;forest;1
510;241;17;250;land;true;plains;1
511;76;193;235;land;false;plains;1
512;229;96;176;land;false;plains;1
513;103;215;228;land;true;plains;1
514;241;179;236;land;true;mountain;1
515;174;248;185;land;true;plains;1
516;254;118;237;land;true;plains;1
517;249;174;186;land;true;forest;1
518;193;225;157;land;true;forest;1
519;234;139;156;land;false;urban;1
520;178;213;235;land;true;forest;1
521;242;205;218;land;false;forest;1
522;173;137;243;land;true;forest;1
523;169;186;219;land;false;forest;1
524;163;146;231;land;true;urban;1
525;200;184;156;land;true;forest;1
526;229;214;121;land;true;mountain;1
527;244;134;189;land;true;mountain;1
528;156;241;196;land;true;mountain;1
529;190;140;254;land;true;mountain;1
530;212;171;237;land;true;mountain;1
531;230;142;173;land;true;mountain;1
532;241;135;198;land;true;mountain;1
533;185;129;248;land;true;mountain;1
534;199;144;218;land;true;mountain;1
535;253;7;248;land;true;urban;1
536;252;9;249;land;true;urban;1
537;231;149;167;land;true;mountain;1
538;205;251;173;land;true;plains;1
539;188;235;82;land;true;urban;1
540;94;223;223;land;true;plains;1
541;168;234;202;land;true;mountain;1
542;106;229;224;land;false;urban;1
543;138;175;224;land;true;urban;1
544;199;171;197;land;true;urban;1
545;47;213;245;land;true;mountain;1
546;235;240;132;land;true;desert;1
547;248;59;213;land;true;desert;1
548;193;224;133;land;true;forest;1
549;170;197;242;land;false;urban;1
550;176;156;230;land;true;mountain;1
551;203;169;253;land;false;urban;1
552;224;214;75;land;true;mountain;1
553;198;188;225;land;true;plains;1
554;209;236;77;land;true;plains;1
555;179;218;189;land;false;plains;1
556;248;156;158;land;true;urban;1
557;112;194;250;land;true;plains;1
558;245;88;202;land;false;forest;1
559;182;224;123;land;false;plains;1
560;194;99;252;land;true;mountain;1
561;118;180;254;land;true;plains;1
562;207;235;154;land;false;desert;1
563;142;213;165;land;false;forest;1
564;201;175;239;land;true;forest;1
565;189;200;154;land;false;urban;1
566;148;179;207;land;false;plains;1
567;222;207;203;land;false;plains;1
568;88;231;185;land;true;mountain;1
569;50;250;237;land;false;urban;1
570;206;165;157;land;false;plains;1
571;227;96;184;land;true;urban;1
572;193;193;205;land;true;plains;1
573;53;241;222;land;true;mountain;1
574;244;71;199;land;true;forest;1
575;196;181;159;land;true;desert;1
576;232;253;162;land;true;plains;1
577;228;151;214;land;true;mountain;1
578;21;250;254;land;false;forest;1
579;231;105;224;land;false;plains;1
580;211;67;228;land;true;urban;1
581;147;169;186;land;true;desert;1
582;233;221;145;land;false;desert;1
583;96;215;237;land;false;desert;1
584;194;126;203;land;false;mountain;1
585;239;156;140;land;true;plains;1
586;240;89;207;land;true;mountain;1
587;251;252;162;land;false;mountain;1
588;229;59;215;land;false;forest;1
589;184;213;239;land;true;plains;1
590;237;43;225;land;true;urban;1
591;169;179;192;land;true;desert;1
592;189;177;236;land;true;mountain;1
593;112;233;247;land;true;forest;1
594;115;252;194;land;true;desert;1
595;239;245;72;land;true;desert;1
596;226;59;248;land;true;desert;1
597;158;219;130;land;true;plains;1
598;91;183;245;land;false;plains;1
599;87;208;215;land;true;mountain;1
600;248;220;125;land;false;mountain;1
601;241;210;119;land;false;plains;1
602;241;219;190;land;true;forest;1
603;192;231;211;land;true;plains;1
604;108;253;159;land;true;plains;1
605;235;176;91;land;true;mountain;1
606;197;220;234;land;true;forest;1
607;246;134;148;land;true;desert;1
608;251;210;228;land;true;mountain;1
609;152;123;245;land;true;plains;1
610;238;206;95;land;true;mountain;1
611;194;236;112;land;true;mountain;1
612;240;247;60;land;true;mountain;1
613;213;197;108;land;true;mountain;1
614;176;146;246;land;true;mountain;1
615;166;218;185;land;true;mountain;1
616;125;240;143;land;true;mountain;1
617;158;206;213;land;true;mountain;1
618;232;253;159;land;true;forest;1
619;167;233;238;land;true;forest;1
620;187;189;219;land;false;forest;1
621;244;144;186;land;true;plains;1
622;224;165;133;land;true;plains;1
623;181;108;218;land;false;forest;1
624;177;251;203;land;true;plains;1
625;190;189;134;land;false;forest;1
626;174;236;161;land;true;plains;1
627;232;218;254;land;true;forest;1
628;146;226;133;land;false;forest;1
629;73;198;231;land;true;forest;1
630;109;244;153;land;false;plains;1
631;68;196;246;land;false;forest;1
632;250;146;119;land;true;forest;1
633;78;250;221;land;true;forest;1
634;228;164;119;land;true;mountain;1
635;224;106;237;land;true;plains;1
636;218;100;248;land;true;plains;1
637;209;134;193;land;false;plains;1
638;141;188;240;land;true;forest;1
639;159;197;202;land;true;mountain;1
640;245;183;87;land;true;plains;1
641;203;192;186;land;true;plains;1
642;204;74;229;land;true;mountain;1
643;214;78;249;land;true;mountain;1
644;249;246;81;land;true;mountain;1
645;215;243;228;land;true;mountain;1
646;138;183;182;land;true;mountain;1
647;164;247;170;land;false;plains;1
648;109;187;216;land;true;mountain;1
649;225;155;157;land;true;mountain;1
650;226;99;190;land;false;forest;1
651;194;213;104;land;true;mountain;1
652;130;219;197;land;true;mountain;1
653;221;205;188;land;true;marsh;1
654;164;227;144;land;true;mountain;1
655;222;168;198;land;true;marsh;1
656;246;189;150;land;true;marsh;1
657;245;134;177;land;true;marsh;1
658;254;206;237;land;true;marsh;1
659;174;212;209;land;false;marsh;1
660;230;203;76;land;true;mountain;1
661;122;179;245;land;true;mountain;1
662;192;203;133;land;true;mountain;1
663;249;96;170;land;false;marsh;1
664;224;39;251;land;true;marsh;1
665;233;198;154;land;true;jungle;1
666;250;223;121;land;true;jungle;1
667;154;180;237;land;true;marsh;1
668;220;243;125;land;true;mountain;1
669;236;161;195;land;true;marsh;1
670;161;148;210;land;false;jungle;1
671;147;240;163;land;true;mountain;1
672;155;210;140;land;true;plains;1
673;249;216;71;land;true;mountain;1
674;242;49;254;land;true;jungle;1
675;152;233;250;land;true;mountain;1
676;214;140;249;land;true;mountain;1
677;151;191;180;land;false;forest;1
678;109;238;192;land;false;urban;1
679;207;204;127;land;true;jungle;1
680;231;229;128;land;false;forest;1
681;206;198;182;land;true;urban;1
682;163;197;148;land;true;plains;1
683;250;103;216;land;true;plains;1
684;238;223;79;land;true;plains;1
685;195;250;244;land;false;urban;1
686;122;236;163;land;true;urban;1
687;237;158;184;land;true;marsh;1
688;171;169;171;land;true;marsh;1
689;204;155;181;land;false;plains;1
690;104;188;219;land;false;urban;1
691;117;225;178;land;false;urban;1
692;205;166;193;land;true;mountain;1
693;130;250;171;land;true;jungle;1
694;161;117;230;land;true;marsh;1
695;134;218;219;land;true;plains;1
696;164;227;189;land;false;forest;1
697;196;225;199;land;false;plains;1
698;203;200;143;land;true;mountain;1
699;176;181;183;land;true;mountain;1
700;183;216;248;land;true;plains;1
701;229;248;213;land;false;forest;1
702;222;179;204;land;true;urban;1
703;129;226;205;land;true;mountain;1
704;141;187;182;land;true;marsh;1
705;237;173;93;land;true;mountain;1
706;242;121;223;land;false;urban;1
707;136;226;210;land;false;marsh;1
708;220;218;200;land;true;plains;1
709;212;247;139;land;true;marsh;1
710;209;174;163;land;false;plains;1
711;192;230;226;land;false;urban;1
712;234;100;212;land;false;urban;1
713;174;151;201;land;false;jungle;1
714;171;215;117;land;true;mountain;1
715;231;184;178;land;false;urban;1
716;217;74;221;land;true;plains;1
717;243;197;193;land;false;urban;1
718;105;215;213;land;true;mountain;1
719;118;208;216;land;true;mountain;1
720;179;215;122;land;true;mountain;1
721;144;177;247;land;true;urban;1
722;211;249;177;land;true;mountain;1
723;106;237;160;land;true;mountain;1
724;222;55;242;land;false;jungle;1
725;178;150;202;land;true;plains;1
726;140;154;211;land;true;plains;1
727;222;207;135;land;true;mountain;1
728;182;195;132;land;false;jungle;1
729;133;162;206;land;true;mountain;1
730;253;230;75;land;true;mountain;1
731;59;240;217;land;true;urban;1
732;222;173;214;land;true;jungle;1
733;216;45;254;land;true;mountain;1
734;226;176;202;land;true;jungle;1
735;234;141;194;land;true;jungle;1
736;165;146;234;land;true;mountain;1
737;215;125;168;land;true;jungle;1
738;212;214;165;land;true;mountain;1
739;232;121;165;land;true;mountain;1
740;212;253;50;land;true;forest;1
741;248;114;212;land;true;forest;1
742;98;189;228;land;false;forest;1
743;226;239;171;land;false;forest;1
744;138;212;152;land;true;forest;1
745;242;151;151;land;false;forest;1
746;243;244;149;land;false;forest;1
747;219;165;252;land;false;forest;1
748;141;170;221;land;true;forest;1
749;187;245;96;land;false;forest;1
750;148;158;202;land;false;forest;1
751;230;252;206;land;true;forest;1
752;236;235;111;land;true;forest;1
753;192;220;229;land;true;urban;1
754;34;232;250;land;true;urban;1
755;203;220;211;land;true;mountain;1
756;82;239;228;land;true;urban;1
757;179;121;247;land;true;forest;1
758;94;218;248;land;true;forest;1
759;174;197;241;land;false;urban;1
760;167;223;125;land;true;mountain;1
761;207;212;241;land;false;urban;1
762;114;252;246;land;true;urban;1
763;235;152;153;land;true;marsh;1
764;101;193;253;land;true;forest;1
765;201;131;232;land;true;mountain;1
766;182;241;178;land;false;urban;1
767;247;234;143;land;false;urban;1
768;107;242;166;land;false;urban;1
769;127;166;236;land;false;forest;1
770;226;207;242;land;true;mountain;1
771;209;207;191;land;true;urban;1
772;203;170;159;land;true;mountain;1
773;227;156;123;land;true;marsh;1
774;218;188;178;land;true;mountain;1
775;225;163;175;land;true;mountain;1
776;8;246;252;land;false;urban;1
777;63;205;246;land;true;mountain;1
778;162;239;244;land;true;mountain;1
779;131;233;158;land;true;urban;1
780;237;146;147;land;true;mountain;1
781;169;158;217;land;true;urban;1
782;86;198;230;land;false;marsh;1
783;75;248;226;land;true;mountain;1
784;117;253;252;land;true;mountain;1
785;240;212;117;land;false;mountain;1
786;239;119;181;land;true;marsh;1
787;252;182;70;land;true;mountain;1
788;216;188;254;land;true;urban;1
789;227;177;143;land;true;marsh;1
790;152;180;192;land;true;marsh;1
791;200;166;217;land;true;mountain;1
792;217;214;205;land;true;urban;1
793;209;141;172;land;true;mountain;1
794;232;248;198;land;true;urban;1
795;207;221;207;land;true;mountain;1
796;148;169;223;land;false;marsh;1
797;235;246;84;land;true;plains;1
798;192;148;190;land;true;mountain;1
799;166;143;202;land;false;plains;1
800;250;150;148;land;false;plains;1
801;250;186;93;land;true;mountain;1
802;188;246;159;land;true;mountain;1
803;172;182;154;land;true;mountain;1
804;144;241;141;land;false;hills;1
805;217;208;189;land;false;plains;1
806;228;249;216;land;true;plains;1
807;186;210;120;land;true;mountain;1
808;60;199;246;land;true;mountain;1
809;116;239;187;land;true;urban;1
810;234;153;131;land;true;marsh;1
811;173;237;206;land;true;mountain;1
812;144;135;245;land;true;mountain;1
813;252;212;215;land;true;plains;1
814;171;249;196;land;true;plains;1
815;229;122;210;land;false;plains;1
816;252;100;237;land;false;plains;1
817;231;196;175;land;true;mountain;1
818;170;165;193;land;true;plains;1
819;212;245;80;land;true;plains;1
820;188;220;122;land;true;mountain;1
821;182;217;247;land;false;plains;1
822;253;243;28;land;true;mountain;1
823;120;243;200;land;true;plains;1
824;177;247;104;land;true;mountain;1
825;160;183;187;land;false;plains;1
826;187;97;226;land;true;plains;1
827;129;251;121;land;true;mountain;1
828;242;57;203;land;true;plains;1
829;125;223;242;land;true;plains;1
830;179;127;211;land;true;plains;1
831;225;61;219;land;true;plains;1
832;242;146;152;land;true;plains;1
833;138;144;219;land;true;mountain;1
834;146;237;126;land;false;jungle;1
835;227;174;206;land;true;plains;1
836;108;229;185;land;true;jungle;1
837;145;218;175;land;true;jungle;1
838;202;253;53;land;false;plains;1
839;232;136;170;land;true;mountain;1
840;144;149;236;land;true;jungle;1
841;223;105;251;land;false;jungle;1
842;182;141;247;land;true;mountain;1
843;249;219;78;land;true;jungle;1
844;223;157;214;land;false;jungle;1
845;240;113;161;land;false;jungle;1
846;196;145;243;land;true;jungle;1
847;179;226;184;land;true;jungle;1
848;173;235;215;land;true;plains;1
849;242;73;192;land;false;jungle;1
850;183;242;212;land;true;jungle;1
851;186;145;213;land;true;jungle;1
852;190;250;252;land;false;jungle;1
853;94;165;254;land;true;jungle;1
854;110;208;217;land;false;plains;1
855;88;243;229;land;true;plains;1
856;162;213;210;land;true;mountain;1
857;227;188;133;land;true;plains;1
858;141;137;238;land;true;jungle;1
859;224;225;239;land;true;plains;1
860;148;218;194;land;true;plains;1
861;210;241;197;land;false;jungle;1
862;208;100;221;land;true;plains;1
863;231;202;160;land;false;plains;1
864;241;206;205;land;true;jungle;1
865;209;208;225;land;true;mountain;1
866;150;195;157;land;false;plains;1
867;242;251;108;land;false;plains;1
868;249;185;90;land;false;plains;1
869;136;240;163;land;true;forest;1
870;233;225;231;land;false;plains;1
871;252;91;194;land;true;plains;1
872;133;189;199;land;true;plains;1
873;127;244;136;land;true;plains;1
874;52;241;252;land;true;forest;1
875;28;231;248;land;false;plains;1
876;153;194;163;land;false;plains;1
877;221;137;190;land;false;plains;1
878;234;251;142;land;true;plains;1
879;101;222;210;land;false;plains;1
880;190;233;198;land;true;forest;1
881;222;232;60;land;false;forest;1
882;186;160;160;land;true;plains;1
883;246;132;174;land;false;urban;1
884;183;225;121;land;true;forest;1
885;212;240;222;land;false;forest;1
886;145;242;212;land;true;mountain;1
887;221;239;80;land;true;plains;1
888;223;236;84;land;true;urban;1
889;197;187;117;land;true;plains;1
890;93;244;219;land;false;plains;1
891;201;106;232;land;true;mountain;1
892;202;199;248;land;true;plains;1
893;66;245;219;land;false;forest;1
894;201;169;163;land;true;forest;1
895;201;163;224;land;true;plains;1
896;214;254;219;land;true;marsh;1
897;254;152;222;land;true;plains;1
898;38;249;232;land;true;marsh;1
899;136;154;218;land;true;desert;1
900;239;58;207;land;true;forest;1
901;138;163;208;land;true;forest;1
902;231;164;193;land;true;marsh;1
903;193;249;170;land;true;marsh;1
904;92;245;235;land;true;plains;1
905;126;237;231;land;true;mountain;1
906;146;136;247;land;true;urban;1
907;249;102;223;land;true;plains;1
908;137;195;169;land;true;forest;1
909;205;200;244;land;false;marsh;1
910;214;212;195;land;true;forest;1
911;208;160;233;land;true;urban;1
912;150;235;186;land;false;marsh;1
913;181;212;173;land;true;marsh;1
914;229;200;237;land;true;mountain;1
915;130;179;241;land;true;marsh;1
916;179;242;204;land;false;marsh;1
917;141;214;177;land;true;mountain;1
918;213;74;237;land;true;marsh;1
919;242;38;233;land;true;mountain;1
920;136;209;241;land;true;plains;1
921;243;199;220;land;true;plains;1
922;234;214;179;land;true;plains;1
923;247;158;195;land;true;mountain;1
924;154;211;182;land;true;plains;1
925;217;225;132;land;true;mountain;1
926;187;228;95;land;true;mountain;1
927;206;180;251;land;true;forest;1
928;213;50;238;land;true;plains;1
929;55;250;203;land;true;forest;1
930;217;206;113;land;false;plains;1
931;144;240;206;land;false;mountain;1
932;239;189;232;land;true;mountain;1
933;120;248;200;land;true;plains;1
934;192;185;182;land;true;forest;1
935;254;194;227;land;true;forest;1
936;138;184;249;land;true;mountain;1
937;140;235;139;land;true;plains;1
938;178;184;146;land;false;plains;1
939;210;175;234;land;true;mountain;1
940;137;204;187;land;false;forest;1
941;243;195;241;land;true;forest;1
942;249;248;106;land;true;mountain;1
943;170;223;149;land;false;forest;1
944;165;199;206;land;true;plains;1
945;241;170;237;land;true;plains;1
946;253;201;196;land;true;mountain;1
947;179;126;222;land;true;mountain;1
948;161;210;184;land;true;plains;1
949;241;222;216;land;true;plains;1
950;225;206;104;land;true;forest;1
951;171;237;148;land;true;mountain;1
952;174;251;174;land;false;jungle;1
953;190;179;240;land;true;desert;1
954;170;233;160;land;false;forest;1
955;111;242;251;land;true;mountain;1
956;202;251;194;land;true;desert;1
957;67;245;209;land;false;jungle;1
958;178;187;206;land;true;forest;1
959;214;153;226;land;false;jungle;1
960;236;208;177;land;false;desert;1
961;189;137;220;land;true;desert;1
962;63;227;221;land;false;desert;1
963;242;124;201;land;true;jungle;1
964;160;251;179;land;true;desert;1
965;212;167;155;land;true;plains;1
966;216;248;112;land;true;plains;1
967;161;169;237;land;false;desert;1
968;150;218;182;land;true;urban;1
969;235;92;217;land;true;plains;1
970;206;230;159;land;false;urban;1
971;173;254;126;land;true;desert;1
972;250;174;87;land;true;desert;1
973;5;247;249;land;false;urban;1
974;151;237;224;land;false;plains;1
975;183;167;180;land;true;plains;1
976;202;149;169;land;true;plains;1
977;217;218;225;land;true;plains;1
978;191;244;109;land;true;plains;1
979;221;159;188;land;false;hills;1
980;241;253;174;land;true;plains;1
981;227;151;184;land;false;plains;1
982;131;182;197;land;true;plains;1
983;209;151;247;land;true;hills;1
984;99;233;208;land;false;plains;1
985;185;241;199;land;true;hills;1
986;242;207;235;land;true;plains;1
987;229;181;118;land;true;plains;1
988;144;228;188;land;true;plains;1
989;135;222;236;land;true;plains;1
990;143;219;213;land;true;plains;1
991;159;236;167;land;true;plains;1
992;200;197;189;land;true;plains;1
993;218;165;182;land;true;plains;1
994;219;82;213;land;false;plains;1
995;211;197;147;land;false;plains;1
996;161;199;187;land;true;plains;1
997;226;214;231;land;false;plains;1
998;248;50;225;land;true;plains;1
999;186;213;122;land;true;plains;1
1000;215;130;229;land;true;plains;1
1001;223;251;181;land;true;plains;1
1002;217;205;144;land;true;mountain;1
1003;213;248;107;land;true;plains;1
1004;224;249;111;land;true;mountain;1
1005;192;136;195;land;true;plains;1
1006;251;138;180;land;true;plains;1
1007;247;222;100;land;true;plains;1
1008;251;101;244;land;true;mountain;1
1009;210;220;157;land;false;plains;1
1010;230;209;92;land;true;mountain;1
1011;219;231;182;land;true;plains;1
1012;201;165;197;land;true;mountain;1
1013;222;116;207;land;true;mountain;1
1014;236;240;198;land;true;mountain;1
1015;190;208;244;land;true;mountain;1
1016;123;200;202;land;true;mountain;1
1017;245;156;214;land;true;mountain;1
1018;190;160;239;land;false;plains;1
1019;153;221;164;land;false;plains;1
1020;157;141;219;land;true;plains;1
1021;92;214;231;land;false;mountain;1
1022;21;241;241;land;true;mountain;1
1023;227;163;126;land;true;mountain;1
1024;205;226;244;land;true;plains;1
1025;249;104;165;land;true;plains;1
1026;254;225;43;land;true;desert;1
1027;235;216;226;land;true;plains;1
1028;175;196;197;land;false;mountain;1
1029;223;75;241;land;true;desert;1
1030;248;130;147;land;false;plains;1
1031;155;210;241;land;true;mountain;1
1032;182;192;227;land;false;mountain;1
1033;240;228;199;land;true;mountain;1
1034;60;230;241;land;true;mountain;1
1035;91;243;223;land;true;plains;1
1036;216;207;191;land;true;plains;1
1037;198;203;165;land;false;mountain;1
1038;111;156;236;land;false;mountain;1
1039;28;250;243;land;false;plains;1
1040;228;104;183;land;true;desert;1
1041;103;248;153;land;false;desert;1
1042;122;148;240;land;false;plains;1
1043;249;230;28;land;true;mountain;1
1044;215;144;187;land;true;jungle;1
1045;248;191;228;land;true;mountain;1
1046;241;148;191;land;false;jungle;1
1047;185;129;225;land;false;desert;1
1048;219;143;213;land;false;jungle;1
1049;221;203;139;land;true;desert;1
1050;152;237;122;land;true;plains;1
1051;136;237;150;land;true;jungle;1
1052;237;151;208;land;true;mountain;1
1053;98;240;226;land;true;plains;1
1054;187;209;230;land;false;jungle;1
1055;118;254;130;land;false;jungle;1
1056;138;219;234;land;false;jungle;1
1057;181;245;87;land;true;mountain;1
1058;244;198;216;land;true;mountain;1
1059;223;245;114;land;true;desert;1
1060;214;153;216;land;false;jungle;1
1061;241;156;204;land;true;mountain;1
1062;233;209;96;land;false;jungle;1
1063;88;229;230;land;true;marsh;1
1064;119;198;211;land;true;mountain;1
1065;173;251;117;land;true;marsh;1
1066;157;236;192;land;false;jungle;1
1067;69;219;230;land;true;marsh;1
1068;157;221;173;land;true;jungle;1
1069;152;128;238;land;true;mountain;1
1070;43;244;232;land;true;mountain;1
1071;168;240;227;land;true;marsh;1
1072;95;241;225;land;false;marsh;1
1073;234;140;208;land;true;mountain;1
1074;197;182;230;land;false;marsh;1
1075;248;246;226;land;false;marsh;1
1076;234;121;171;land;true;mountain;1
1077;219;112;205;land;true;jungle;1
1078;225;164;180;land;true;marsh;1
1079;204;254;208;land;true;marsh;1
1080;140;214;230;land;true;mountain;1
1081;85;192;234;land;true;jungle;1
1082;210;111;206;land;true;jungle;1
1083;244;215;61;land;true;mountain;1
1084;124;240;199;land;false;marsh;1
1085;201;238;242;land;true;mountain;1
1086;138;152;236;land;true;marsh;1
1087;155;209;168;land;true;mountain;1
1088;142;192;183;land;true;marsh;1
1089;67;224;218;land;false;marsh;1
1090;215;195;116;land;true;mountain;1
1091;164;125;249;land;true;mountain;1
1092;156;247;120;land;true;marsh;1
1093;120;233;180;land;false;marsh;1
1094;222;137;247;land;false;urban;1
1095;203;235;145;land;false;urban;1
1096;107;233;203;land;true;marsh;1
1097;119;246;250;land;true;desert;1
1098;221;161;129;land;true;marsh;1
1099;131;249;146;land;true;marsh;1
1100;234;234;98;land;true;desert;1
1101;252;176;171;land;false;jungle;1
1102;220;100;253;land;false;urban;1
1103;237;232;96;land;true;mountain;1
1104;218;213;121;land;true;mountain;1
1105;234;228;166;land;true;desert;1
1106;251;200;142;land;false;jungle;1
1107;182;153;193;land;false;urban;1
1108;244;193;243;land;true;urban;1
1109;98;200;235;land;false;urban;1
1110;239;148;228;land;true;mountain;1
1111;73;207;230;land;true;mountain;1
1112;137;224;163;land;true;urban;1
1113;170;217;229;land;true;urban;1
1114;73;212;218;land;false;urban;1
1115;187;220;187;land;true;urban;1
1116;88;253;178;land;false;desert;1
1117;228;211;146;land;true;desert;1
1118;224;80;251;land;true;desert;1
1119;197;230;99;land;true;urban;1
1120;243;124;223;land;false;urban;1
1121;246;240;115;land;false;jungle;1
1122;198;250;217;land;false;urban;1
1123;28;239;243;land;false;desert;1
1124;179;240;209;land;true;mountain;1
1125;152;118;239;land;false;desert;1
1126;242;235;83;land;false;urban;1
1127;200;190;161;land;true;marsh;1
1128;239;77;235;land;true;mountain;1
1129;181;103;236;land;true;mountain;1
1130;207;211;248;land;true;mountain;1
1131;146;252;222;land;true;desert;1
1132;169;229;222;land;true;mountain;1
1133;225;187;163;land;true;plains;1
1134;236;230;37;land;true;marsh;1
1135;179;227;125;land;true;plains;1
1136;205;248;85;land;true;mountain;1
1137;199;222;88;land;true;desert;1
1138;252;197;106;land;true;plains;1
1139;222;48;236;land;true;desert;1
1140;223;168;141;land;true;marsh;1
1141;146;252;208;land;true;mountain;1
1142;222;204;77;land;true;desert;1
1143;209;218;120;land;false;marsh;1
1144;234;167;100;land;true;desert;1
1145;154;163;212;land;true;marsh;1
1146;175;154;214;land;true;mountain;1
1147;223;243;160;land;false;plains;1
1148;210;226;137;land;true;desert;1
1149;173;226;232;land;true;desert;1
1150;197;123;229;land;true;plains;1
1151;240;172;120;land;false;desert;1
1152;241;152;194;land;false;plains;1
1153;220;161;202;land;true;desert;1
1154;200;164;241;land;false;desert;1
1155;159;159;242;land;true;marsh;1
1156;233;246;33;land;false;marsh;1
1157;223;232;247;land;false;desert;1
1158;206;133;168;land;false;desert;1
1159;155;207;186;land;false;marsh;1
1160;47;245;236;land;false;desert;1
1161;148;230;223;land;true;desert;1
1162;85;250;203;land;true;mountain;1
1163;250;238;225;land;false;desert;1
1164;189;205;147;land;false;desert;1
1165;211;250;113;land;false;marsh;1
1166;190;215;228;land;true;plains;1
1167;225;208;244;land;true;plains;1
1168;73;181;248;land;true;mountain;1
1169;196;120;208;land;false;desert;1
1170;231;238;40;land;true;mountain;1
1171;241;177;111;land;true;plains;1
1172;168;168;213;land;true;marsh;1
1173;253;182;139;land;true;plains;1
1174;249;240;245;land;true;mountain;1
1175;220;249;206;land;true;desert;1
1176;244;196;232;land;true;mountain;1
1177;143;184;243;land;false;plains;1
1178;205;231;138;land;false;mountain;1
1179;237;195;213;land;true;desert;1
1180;122;227;175;land;true;desert;1
1181;42;248;253;land;true;desert;1
1182;176;114;238;land;true;mountain;1
1183;83;251;170;land;false;desert;1
1184;75;246;207;land;true;desert;1
1185;131;240;243;land;false;desert;1
1186;70;232;244;land;true;desert;1
1187;251;243;150;land;false;desert;1
1188;228;213;205;land;true;desert;1
1189;159;247;171;land;true;desert;1
1190;96;242;213;land;false;desert;1
1191;212;236;158;land;false;desert;1
1192;188;206;203;land;true;mountain;1
1193;215;251;217;land;true;desert;1
1194;182;194;136;land;true;desert;1
1195;236;171;252;land;true;desert;1
1196;241;83;219;land;true;mountain;1
1197;177;205;121;land;true;desert;1
1198;160;204;212;land;false;desert;1
1199;203;82;227;land;false;mountain;1
1200;182;209;115;land;true;desert;1
1201;156;182;216;land;true;mountain;1
1202;152;178;194;land;true;desert;1
1203;228;200;231;land;false;mountain;1
1204;168;103;250;land;false;desert;1
1205;165;224;165;land;false;desert;1
1206;165;233;140;land;true;desert;1
1207;233;80;240;land;true;forest;1
1208;161;246;168;land;true;desert;1
1209;244;190;114;land;true;forest;1
1210;232;233;226;land;false;mountain;1
1211;234;243;245;land;true;desert;1
1212;142;145;253;land;true;marsh;1
1213;183;177;252;land;true;desert;1
1214;122;254;236;land;false;mountain;1
1215;246;164;164;land;true;marsh;1
1216;216;86;221;land;false;mountain;1
1217;106;174;222;land;false;marsh;1
1218;127;151;225;land;true;forest;1
1219;76;239;237;land;true;plains;1
1220;121;247;133;land;true;mountain;1
1221;248;247;251;land;true;marsh;1
1222;163;228;171;land;false;forest;1
1223;246;176;241;land;false;jungle;1
1224;251;245;165;land;true;forest;1
1225;156;211;137;land;true;desert;1
1226;249;225;231;land;false;jungle;1
1227;102;173;243;land;true;jungle;1
1228;154;251;120;land;false;forest;1
1229;211;218;221;land;true;forest;1
1230;197;163;221;land;true;desert;1
1231;183;213;182;land;true;forest;1
1232;153;221;219;land;true;marsh;1
1233;233;98;200;land;true;mountain;1
1234;152;189;236;land;true;desert;1
1235;228;100;220;land;true;desert;1
1236;153;133;221;land;false;desert;1
1237;88;237;189;land;true;mountain;1
1238;136;240;175;land;true;mountain;1
1239;184;241;129;land;true;desert;1
1240;104;241;183;land;true;desert;1
1241;194;205;168;land;true;desert;1
1242;201;224;177;land;true;desert;1
1243;193;153;183;land;true;desert;1
1244;177;172;163;land;true;mountain;1
1245;246;91;216;land;true;hills;1
1246;217;228;81;land;true;hills;1
1247;130;250;219;land;true;forest;1
1248;122;239;215;land;true;forest;1
1249;212;230;238;land;false;forest;1
1250;229;152;193;land;true;forest;1
1251;242;95;244;land;true;mountain;1
1252;174;114;222;land;true;forest;1
1253;176;221;219;land;true;mountain;1
1254;198;193;157;land;true;mountain;1
1255;167;218;245;land;true;forest;1
1256;153;213;254;land;true;mountain;1
1257;123;223;168;land;false;forest;1
1258;237;239;139;land;true;mountain;1
1259;233;130;232;land;true;mountain;1
1260;169;127;253;land;true;mountain;1
1261;211;158;179;land;true;plains;1
1262;179;193;249;land;true;mountain;1
1263;86;228;236;land;true;mountain;1
1264;215;251;180;land;true;mountain;1
1265;234;206;207;land;true;forest;1
1266;167;193;151;land;true;plains;1
1267;253;74;220;land;true;mountain;1
1268;253;165;148;land;true;mountain;1
1269;215;141;151;land;false;jungle;1
1270;239;95;203;land;false;jungle;1
1271;172;241;173;land;true;plains;1
1272;89;244;243;land;false;desert;1
1273;238;127;217;land;true;plains;1
1274;198;249;214;land;true;mountain;1
1275;86;191;241;land;true;mountain;1
1276;232;164;133;land;true;mountain;1
1277;241;212;107;land;true;mountain;1
1278;138;219;149;land;true;mountain;1
1279;245;169;226;land;true;jungle;1
1280;239;171;96;land;true;jungle;1
1281;172;233;208;land;true;jungle;1
1282;190;113;206;land;false;jungle;1
1283;190;208;136;land;false;jungle;1
1284;217;36;250;land;true;jungle;1
1285;228;218;116;land;false;jungle;1
1286;108;196;254;land;false;jungle;1
1287;193;62;249;land;true;jungle;1
1288;211;233;181;land;true;plains;1
1289;188;70;244;land;false;plains;1
1290;123;208;208;land;false;plains;1
1291;190;150;224;land;false;plains;1
1292;94;244;242;land;false;plains;1
1293;251;178;178;land;false;forest;1
1294;158;231;116;land;false;forest;1
1295;168;248;151;land;false;forest;1
1296;63;231;212;land;false;forest;1
1297;248;150;144;land;false;jungle;1
1298;179;179;240;land;false;jungle;1
1299;235;249;71;land;false;jungle;1
1300;170;214;179;land;false;jungle;1
1301;241;130;190;land;false;jungle;1
1302;244;253;238;land;false;forest;1
1303;191;237;244;land;false;forest;1
1304;184;113;217;land;true;plains;1
1305;246;165;173;land;true;plains;1
1306;163;239;194;land;true;plains;1
1307;161;114;239;land;true;plains;1
1308;60;2;24;sea;true;ocean;0
1309;21;28;39;sea;false;ocean;0
1310;6;41;49;sea;false;ocean;0
1311;18;7;19;sea;false;ocean;0
1312;65;5;26;sea;false;ocean;0
1313;27;4;17;sea;true;ocean;0
1314;27;18;38;sea;false;ocean;0
1315;28;16;41;sea;true;ocean;0
1316;15;17;7;sea;false;ocean;0
1317;22;7;38;sea;false;ocean;0
1318;44;38;7;sea;false;ocean;0
1319;53;11;1;sea;false;ocean;0
1320;22;1;9;sea;false;ocean;0
1321;30;25;22;sea;false;ocean;0
1322;10;27;26;sea;false;ocean;0
1323;26;4;39;sea;false;ocean;0
1324;23;6;67;sea;false;ocean;0
1325;2;30;7;sea;false;ocean;0
1326;19;14;12;sea;false;ocean;0
1327;58;2;27;sea;false;ocean;0
1328;27;13;22;sea;false;ocean;0
1329;51;10;30;sea;false;ocean;0
1330;25;35;10;sea;false;ocean;0
1331;21;11;62;sea;true;ocean;0
1332;10;29;1;sea;false;ocean;0
1333;22;17;5;sea;false;ocean;0
1334;14;17;33;sea;false;ocean;0
1335;54;13;9;sea;true;ocean;0
1336;33;6;45;sea;false;ocean;0
1337;20;55;24;sea;false;ocean;0
1338;12;73;7;sea;false;ocean;0
1339;70;23;5;sea;true;ocean;0
1340;70;2;26;sea;false;ocean;0
1341;43;5;34;sea;false;ocean;0
1342;1;42;21;sea;true;ocean;0
1343;65;4;10;sea;false;ocean;0
1344;36;0;13;sea;false;ocean;0
1345;3;7;42;sea;false;ocean;0
1346;0;24;17;sea;true;ocean;0
1347;20;41;20;sea;false;ocean;0
1348;5;2;61;sea;true;ocean;0
1349;8;42;22;sea;false;ocean;0
1350;11;32;15;sea;false;ocean;0
1351;48;7;19;sea;false;ocean;0
1352;43;8;35;sea;false;ocean;0
1353;30;3;42;sea;false;ocean;0
1354;19;10;0;sea;false;ocean;0
1355;3;12;19;sea;true;ocean;0
1356;10;62;26;sea;false;ocean;0
1357;2;5;15;sea;false;ocean;0
1358;3;11;29;sea;true;ocean;0
1359;49;2;12;sea;false;ocean;0
1360;19;23;0;sea;false;ocean;0
1361;34;0;26;sea;false;ocean;0
1362;54;11;11;sea;false;ocean;0
1363;6;64;17;sea;false;ocean;0
1364;33;17;45;sea;false;ocean;0
1365;48;15;9;sea;false;ocean;0
1366;2;13;11;sea;true;ocean;0
1367;25;19;28;sea;true;ocean;0
1368;75;0;24;sea;false;ocean;0
1369;10;30;16;sea;false;ocean;0
1370;2;28;47;sea;false;ocean;0
1371;15;33;16;sea;false;ocean;0
1372;27;0;15;sea;false;ocean;0
1373;15;75;6;sea;false;ocean;0
1374;0;0;45;sea;true;ocean;0
1375;2;67;28;sea;false;ocean;0
1376;59;3;17;sea;false;ocean;0
1377;31;9;9;sea;false;ocean;0
1378;35;10;35;sea;false;ocean;0
1379;35;51;0;sea;false;ocean;0
1380;9;40;43;sea;false;ocean;0
1381;19;13;0;sea;false;ocean;0
1382;13;2;9;sea;true;ocean;0
1383;15;12;57;sea;false;ocean;0
1384;34;45;13;sea;false;ocean;0
1385;61;11;12;sea;false;ocean;0
1386;33;48;5;sea;false;ocean;0
1387;59;11;22;sea;false;ocean;0
1388;19;36;27;sea;false;ocean;0
1389;2;59;15;sea;true;ocean;0
1390;13;17;57;sea;false;ocean;0
1391;29;11;44;sea;false;ocean;0
1392;39;12;0;sea;false;ocean;0
1393;6;40;52;sea;true;ocean;0
1394;22;15;32;sea;false;ocean;0
1395;0;17;46;sea;false;ocean;0
1396;7;29;63;sea;false;ocean;0
1397;19;31;47;sea;false;ocean;0
1398;5;9;31;sea;true;ocean;0
1399;29;36;28;sea;false;ocean;0
1400;1;14;78;sea;false;ocean;0
1401;9;61;4;sea;true;ocean;0
1402;14;0;28;sea;false;ocean;0
1403;30;24;18;sea;false;ocean;0
1404;31;2;36;sea;false;ocean;0
1405;3;62;0;sea;false;ocean;0
1406;8;23;11;sea;false;ocean;0
1407;34;50;6;sea;false;ocean;0
1408;19;3;3;sea;false;ocean;0
1409;15;34;9;sea;false;ocean;0
1410;52;24;21;sea;false;ocean;0
1411;6;29;46;sea;false;ocean;0
1412;37;30;10;sea;false;ocean;0
1413;24;19;7;sea;false;ocean;0
1414;20;31;48;sea;false;ocean;0
1415;76;3;20;sea;false;ocean;0
1416;9;16;43;sea;false;ocean;0
1417;57;17;4;sea;false;ocean;0
1418;16;32;6;sea;false;ocean;0
1419;3;5;3;sea;false;ocean;0
1420;17;23;46;sea;false;ocean;0
1421;2;13;21;sea;false;ocean;0
1422;22;16;54;sea;false;ocean;0
1423;23;20;53;sea;true;ocean;0
1424;34;22;16;sea;false;ocean;0
1425;37;2;52;sea;false;ocean;0
1426;45;28;10;sea;true;ocean;0
1427;40;4;41;sea;false;ocean;0
1428;9;25;40;sea;false;ocean;0
1429;48;22;21;sea;false;ocean;0
1430;24;42;29;sea;false;ocean;0
1431;2;23;51;sea;false;ocean;0
1432;5;18;1;sea;false;ocean;0
1433;41;35;18;sea;false;ocean;0
1434;51;5;40;sea;false;ocean;0
1435;7;3;8;sea;true;ocean;0
1436;49;14;1;sea;false;ocean;0
1437;39;0;26;sea;false;ocean;0
1438;18;53;11;sea;true;ocean;0
1439;23;57;1;sea;false;ocean;0
1440;38;9;46;sea;false;ocean;0
1441;13;1;8;sea;false;ocean;0
1442;42;31;4;sea;false;ocean;0
1443;10;30;18;sea;false;ocean;0
1444;18;40;25;sea;true;ocean;0
1445;2;8;45;sea;false;ocean;0
1446;5;8;54;sea;true;ocean;0
1447;52;19;0;sea;false;ocean;0
1448;13;11;6;sea;false;ocean;0
1449;36;8;5;sea;false;ocean;0
1450;63;7;16;sea;false;ocean;0
1451;67;1;11;sea;true;ocean;0
1452;1;61;26;sea;true;ocean;0
1453;1;65;31;sea;false;ocean;0
1454;15;22;17;sea;false;ocean;0
1455;17;21;16;sea;false;ocean;0
1456;4;5;44;sea;false;ocean;0
1457;11;7;0;sea;false;ocean;0
1458;58;13;0;sea;false;ocean;0
1459;0;33;55;sea;false;ocean;0
1460;58;21;11;sea;false;ocean;0
1461;22;63;4;sea;false;ocean;0
1462;54;1;21;sea;false;ocean;0
1463;47;28;5;sea;true;ocean;0
1464;4;36;44;sea;false;ocean;0
1465;4;14;56;sea;false;ocean;0
1466;29;36;24;sea;false;ocean;0
1467;22;55;0;sea;true;ocean;0
1468;5;29;38;sea;false;ocean;0
1469;48;11;18;sea;true;ocean;0
1470;50;4;37;sea;false;ocean;0
1471;22;12;47;sea;false;ocean;0
1472;35;35;2;sea;true;ocean;0
1473;55;0;43;sea;false;ocean;0
1474;5;44;21;sea;false;ocean;0
1475;27;23;41;sea;true;ocean;0
1476;16;44;28;sea;true;ocean;0
1477;27;13;32;sea;false;ocean;0
1478;12;21;39;sea;false;ocean;0
1479;7;83;4;sea;false;ocean;0
1480;41;9;31;sea;true;ocean;0
1481;0;29;65;sea;true;ocean;0
1482;13;35;51;sea;false;ocean;0
1483;20;23;29;sea;false;ocean;0
1484;39;27;2;sea;false;ocean;0
1485;29;8;51;sea;false;ocean;0
1486;10;20;38;sea;true;ocean;0
1487;86;3;4;sea;false;ocean;0
1488;35;58;6;sea;false;ocean;0
1489;6;25;61;sea;false;ocean;0
1490;21;23;29;sea;true;ocean;0
1491;2;38;53;sea;false;ocean;0
1492;36;38;15;sea;false;ocean;0
1493;1;51;21;sea;false;ocean;0
1494;48;7;43;sea;false;ocean;0
1495;4;76;3;sea;true;ocean;0
1496;51;31;2;sea;true;ocean;0
1497;70;8;1;sea;false;ocean;0
1498;18;52;27;sea;false;ocean;0
1499;34;55;9;sea;false;ocean;0
1500;2;10;0;sea;false;ocean;0
1501;22;13;43;sea;true;ocean;0
1502;73;5;5;sea;false;ocean;0
1503;19;17;23;sea;false;ocean;0
1504;60;9;17;sea;false;ocean;0
1505;19;28;45;sea;false;ocean;0
1506;48;44;2;sea;false;ocean;0
1507;24;13;51;sea;false;ocean;0
1508;5;67;20;sea;false;ocean;0
1509;17;65;10;sea;false;ocean;0
1510;13;33;23;sea;false;ocean;0
1511;7;6;77;sea;false;ocean;0
1512;41;25;0;sea;false;ocean;0
1513;1;9;41;sea;false;ocean;0
1514;8;38;9;sea;false;ocean;0
1515;18;16;30;sea;false;ocean;0
1516;69;0;11;sea;true;ocean;0
1517;26;13;22;sea;false;ocean;0
1518;32;34;26;sea;false;ocean;0
1519;0;39;52;sea;true;ocean;0
1520;28;27;23;sea;true;ocean;0
1521;35;35;22;sea;false;ocean;0
1522;10;27;5;sea;false;ocean;0
1523;13;26;45;sea;true;ocean;0
1524;4;33;51;sea;false;ocean;0
1525;37;3;9;sea;true;ocean;0
1526;38;15;46;sea;false;ocean;0
1527;32;30;26;sea;false;ocean;0
1528;5;1;35;sea;false;ocean;0
1529;44;8;22;sea;false;ocean;0
1530;16;39;31;sea;true;ocean;0
1531;63;24;6;sea;false;ocean;0
1532;16;4;14;sea;false;ocean;0
1533;7;10;24;sea;false;ocean;0
1534;58;13;24;sea;false;ocean;0
1535;4;21;38;sea;true;ocean;0
1536;7;8;81;sea;true;ocean;0
1537;3;49;41;sea;true;ocean;0
1538;56;6;12;sea;false;ocean;0
1539;29;38;22;sea;false;ocean;0
1540;3;25;67;sea;true;ocean;0
1541;5;4;59;sea;false;ocean;0
1542;11;84;1;sea;true;ocean;0
1543;15;40;16;sea;false;ocean;0
1544;67;17;4;sea;true;ocean;0
1545;2;10;57;sea;false;ocean;0
1546;18;5;25;sea;false;ocean;0
1547;5;17;43;sea;false;ocean;0
1548;8;18;73;sea;false;ocean;0
1549;22;52;7;sea;true;ocean;0
1550;3;23;21;sea;false;ocean;0
1551;16;39;32;sea;false;ocean;0
1552;68;18;8;sea;false;ocean;0
1553;49;20;26;sea;false;ocean;0
1554;22;8;66;sea;false;ocean;0
1555;2;5;18;sea;false;ocean;0
1556;18;48;17;sea;true;ocean;0
1557;13;15;21;sea;false;ocean;0
1558;1;43;44;sea;false;ocean;0
1559;40;15;27;sea;false;ocean;0
1560;12;0;14;sea;true;ocean;0
1561;4;6;5;sea;false;ocean;0
1562;32;52;14;sea;true;ocean;0
1563;24;51;5;sea;false;ocean;0
1564;11;8;68;sea;false;ocean;0
1565;28;63;7;sea;false;ocean;0
1566;30;47;14;sea;false;ocean;0
1567;22;62;7;sea;false;ocean;0
1568;4;75;19;sea;false;ocean;0
1569;43;2;33;sea;false;ocean;0
1570;3;20;40;sea;false;ocean;0
1571;4;57;6;sea;false;ocean;0
1572;39;18;9;sea;false;ocean;0
1573;1;35;17;sea;false;ocean;0
1574;4;13;15;sea;false;ocean;0
1575;20;45;23;sea;false;ocean;0
1576;58;26;14;sea;false;ocean;0
1577;4;34;55;sea;true;ocean;0
1578;1;26;62;sea;false;ocean;0
1579;44;1;30;sea;false;ocean;0
1580;3;0;70;sea;false;ocean;0
1581;4;56;32;sea;false;ocean;0
1582;70;7;19;sea;true;ocean;0
1583;45;2;33;sea;false;ocean;0
1584;27;4;60;sea;false;ocean;0
1585;22;11;55;sea;false;ocean;0
1586;35;31;21;sea;false;ocean;0
1587;0;1;37;sea;false;ocean;0
1588;43;23;17;sea;false;ocean;0
1589;8;22;48;sea;false;ocean;0
1590;56;2;8;sea;false;ocean;0
1591;47;41;2;sea;true;ocean;0
1592;35;43;9;sea;false;ocean;0
1593;9;72;5;sea;false;ocean;0
1594;4;1;53;sea;true;ocean;0
1595;49;15;34;sea;false;ocean;0
1596;62;24;7;sea;true;ocean;0
1597;61;3;15;sea;false;ocean;0
1598;4;30;62;sea;false;ocean;0
1599;81;3;11;sea;false;ocean;0
1600;9;35;29;sea;false;ocean;0
1601;62;20;4;sea;false;ocean;0
1602;17;51;16;sea;false;ocean;0
1603;6;40;33;sea;false;ocean;0
1604;55;15;15;sea;false;ocean;0
1605;32;11;36;sea;false;ocean;0
1606;11;20;46;sea;true;ocean;0
1607;1;83;0;sea;true;ocean;0
1608;35;5;35;sea;false;ocean;0
1609;19;51;25;sea;false;ocean;0
1610;26;23;0;sea;true;ocean;0
1611;19;32;29;sea;false;ocean;0
1612;9;21;69;sea;false;ocean;0
1613;19;26;25;sea;false;ocean;0
1614;53;20;16;sea;true;ocean;0
1615;4;28;51;sea;false;ocean;0
1616;10;15;42;sea;false;ocean;0
1617;61;10;11;sea;false;ocean;0
1618;15;32;51;sea;false;ocean;0
1619;58;18;1;sea;false;ocean;0
1620;44;37;5;sea;false;ocean;0
1621;9;79;2;sea;false;ocean;0
1622;43;10;3;sea;false;ocean;0
1623;40;38;14;sea;false;ocean;0
1624;6;2;44;sea;false;ocean;0
1625;73;7;11;sea;false;ocean;0
1626;37;1;59;sea;false;ocean;0
1627;37;55;0;sea;false;ocean;0
1628;5;17;6;sea;false;ocean;0
1629;53;4;8;sea;false;ocean;0
1630;3;68;8;sea;true;ocean;0
1631;3;20;41;sea;false;ocean;0
1632;5;35;12;sea;true;ocean;0
1633;64;23;9;sea;true;ocean;0
1634;76;2;17;sea;false;ocean;0
1635;11;28;45;sea;false;ocean;0
1636;24;20;53;sea;false;ocean;0
1637;25;16;25;sea;true;ocean;0
1638;30;1;67;sea;false;ocean;0
1639;33;15;38;sea;false;ocean;0
1640;14;11;23;sea;false;ocean;0
1641;32;17;9;sea;false;ocean;0
1642;58;0;24;sea;false;ocean;0
1643;23;23;36;sea;false;ocean;0
1644;11;28;10;sea;true;ocean;0
1645;14;9;8;sea;false;ocean;0
1646;37;28;33;sea;false;ocean;0
1647;20;39;37;sea;true;ocean;0
1648;13;20;30;sea;false;ocean;0
1649;16;6;23;sea;true;ocean;0
1650;7;30;33;sea;false;ocean;0
1651;6;15;38;sea;true;ocean;0
1652;18;35;46;sea;false;ocean;0
1653;36;43;6;sea;false;ocean;0
1654;23;50;13;sea;false;ocean;0
1655;21;58;18;sea;false;ocean;0
1656;23;60;5;sea;true;ocean;0
1657;57;3;20;sea;false;ocean;0
1658;25;45;8;sea;true;ocean;0
1659;4;1;94;sea;true;ocean;0
1660;33;12;20;sea;false;ocean;0
1661;9;22;12;sea;false;ocean;0
1662;4;88;5;sea;false;ocean;0
1663;8;33;8;sea;true;ocean;0
1664;18;14;48;sea;false;ocean;0
1665;71;2;13;sea;false;ocean;0
1666;46;44;3;sea;false;ocean;0
1667;26;30;4;sea;true;ocean;0
1668;9;48;36;sea;true;ocean;0
1669;3;38;52;sea;false;ocean;0
1670;0;38;47;sea;true;ocean;0
1671;30;2;48;sea;true;ocean;0
1672;23;20;34;sea;true;ocean;0
1673;69;16;3;sea;false;ocean;0
1674;59;2;29;sea;false;ocean;0
1675;0;52;29;sea;false;ocean;0
1676;61;4;1;sea;false;ocean;0
1677;45;7;45;sea;false;ocean;0
1678;24;7;23;sea;true;ocean;0
1679;3;0;46;sea;false;ocean;0
1680;0;36;36;sea;true;ocean;0
1681;30;12;40;sea;true;ocean;0
1682;6;70;1;sea;false;ocean;0
1683;54;17;0;sea;true;ocean;0
1684;34;37;14;sea;false;ocean;0
1685;17;60;5;sea;false;ocean;0
1686;20;10;50;sea;false;ocean;0
1687;47;33;19;sea;false;ocean;0
1688;20;44;12;sea;false;ocean;0
1689;73;2;5;sea;false;ocean;0
1690;13;7;25;sea;false;ocean;0
1691;3;63;26;sea;false;ocean;0
1692;4;26;69;sea;false;ocean;0
1693;3;36;42;sea;false;ocean;0
1694;14;66;0;sea;false;ocean;0
1695;9;38;29;sea;false;ocean;0
1696;12;42;45;sea;false;ocean;0
1697;11;26;40;sea;false;ocean;0
1698;10;39;49;sea;false;ocean;0
1699;8;49;24;sea;true;ocean;0
1700;56;2;31;sea;false;ocean;0
1701;30;31;11;sea;false;ocean;0
1702;24;39;16;sea;false;ocean;0
1703;13;28;40;sea;false;ocean;0
1704;16;21;62;sea;false;ocean;0
1705;3;21;29;sea;true;ocean;0
1706;16;50;10;sea;false;ocean;0
1707;42;27;26;sea;false;ocean;0
1708;9;46;9;sea;false;ocean;0
1709;4;2;70;sea;false;ocean;0
1710;4;18;52;sea;false;ocean;0
1711;40;48;0;sea;false;ocean;0
1712;30;5;10;sea;true;ocean;0
1713;24;50;25;sea;false;ocean;0
1714;5;39;48;sea;true;ocean;0
1715;23;6;21;sea;true;ocean;0
1716;57;12;1;sea;true;ocean;0
1717;33;30;31;sea;false;ocean;0
1718;24;22;12;sea;true;ocean;0
1719;8;6;24;sea;false;ocean;0
1720;8;46;4;sea;true;ocean;0
1721;10;16;62;sea;true;ocean;0
1722;40;49;7;sea;false;ocean;0
1723;14;10;35;sea;false;ocean;0
1724;1;41;38;sea;true;ocean;0
1725;10;3;20;sea;true;ocean;0
1726;64;0;3;sea;false;ocean;0
1727;40;33;4;sea;true;ocean;0
1728;5;48;37;sea;false;ocean;0
1729;47;18;5;sea;false;ocean;0
1730;38;1;8;sea;false;ocean;0
1731;6;3;39;sea;true;ocean;0
1732;0;9;71;sea;true;ocean;0
1733;45;16;12;sea;false;ocean;0
1734;5;22;23;sea;false;ocean;0
1735;26;4;20;sea;false;ocean;0
1736;2;62;18;sea;false;ocean;0
1737;34;7;48;sea;true;ocean;0
1738;47;29;6;sea;true;ocean;0
1739;10;5;70;sea;true;ocean;0
1740;28;29;17;sea;false;ocean;0
1741;5;46;27;sea;false;ocean;0
1742;2;52;4;sea;false;ocean;0
1743;41;53;1;sea;false;ocean;0
1744;5;34;31;sea;false;ocean;0
1745;24;25;18;sea;true;ocean;0
1746;12;68;17;sea;false;ocean;0
1747;18;37;43;sea;false;ocean;0
1748;0;79;9;sea;true;ocean;0
1749;74;12;6;sea;false;ocean;0
1750;7;43;44;sea;false;ocean;0
1751;40;26;30;sea;false;ocean;0
1752;19;34;44;sea;true;ocean;0
1753;49;12;0;sea;true;ocean;0
1754;44;26;10;sea;false;ocean;0
1755;2;76;17;sea;false;ocean;0
1756;10;42;12;sea;false;ocean;0
1757;53;14;21;sea;false;ocean;0
1758;3;11;16;sea;false;ocean;0
1759;5;6;37;sea;true;ocean;0
1760;45;9;33;sea;false;ocean;0
1761;11;29;48;sea;false;ocean;0
1762;13;34;8;sea;false;ocean;0
1763;11;6;26;sea;false;ocean;0
1764;43;7;24;sea;true;ocean;0
1765;6;24;43;sea;true;ocean;0
1766;28;4;14;sea;true;ocean;0
1767;18;10;63;sea;false;ocean;0
1768;1;69;28;sea;false;ocean;0
1769;25;0;24;sea;false;ocean;0
1770;19;15;25;sea;true;ocean;0
1771;67;13;8;sea;false;ocean;0
1772;9;5;19;sea;true;ocean;0
1773;75;24;0;sea;false;ocean;0
1774;28;43;23;sea;false;ocean;0
1775;8;48;39;sea;false;ocean;0
1776;18;39;42;sea;false;ocean;0
1777;11;22;29;sea;false;ocean;0
1778;24;63;12;sea;true;ocean;0
1779;61;18;11;sea;false;ocean;0
1780;21;43;13;sea;false;ocean;0
1781;21;36;6;sea;true;ocean;0
1782;3;21;22;sea;true;ocean;0
1783;46;9;19;sea;true;ocean;0
1784;0;42;26;sea;false;ocean;0
1785;28;51;2;sea;false;ocean;0
1786;49;13;1;sea;true;ocean;0
1787;16;12;49;sea;false;ocean;0
1788;61;31;6;sea;false;ocean;0
1789;23;15;37;sea;true;ocean;0
1790;47;9;2;sea;false;ocean;0
1791;5;32;14;sea;true;ocean;0
1792;55;14;15;sea;false;ocean;0
1793;3;0;44;sea;false;ocean;0
1794;15;22;19;sea;true;ocean;0
1795;28;67;2;sea;false;ocean;0
1796;33;36;0;sea;false;ocean;0
1797;14;12;39;sea;false;ocean;0
1798;24;12;2;sea;false;ocean;0
1799;1;27;29;sea;false;ocean;0
1800;14;38;34;sea;true;ocean;0
1801;40;15;16;sea;false;ocean;0
1802;32;41;1;sea;true;ocean;0
1803;1;35;27;sea;false;ocean;0
1804;54;32;9;sea;false;ocean;0
1805;27;7;57;sea;false;ocean;0
1806;25;15;54;sea;false;ocean;0
1807;11;83;3;sea;false;ocean;0
1808;5;10;36;sea;false;ocean;0
1809;12;19;10;sea;false;ocean;0
1810;10;11;29;sea;false;ocean;0
1811;33;48;0;sea;true;ocean;0
1812;15;12;4;sea;false;ocean;0
1813;16;31;23;sea;true;ocean;0
1814;16;24;55;sea;false;ocean;0
1815;16;53;4;sea;false;ocean;0
1816;33;0;40;sea;false;ocean;0
1817;27;3;20;sea;true;ocean;0
1818;5;77;17;sea;false;ocean;0
1819;3;68;20;sea;false;ocean;0
1820;31;8;35;sea;false;ocean;0
1821;53;3;40;sea;false;ocean;0
1822;57;13;16;sea;false;ocean;0
1823;9;7;32;sea;true;ocean;0
1824;11;9;49;sea;false;ocean;0
1825;7;14;39;sea;true;ocean;0
1826;55;30;2;sea;false;ocean;0
1827;7;4;9;sea;true;ocean;0
1828;1;6;82;sea;false;ocean;0
1829;17;37;8;sea;false;ocean;0
1830;21;22;16;sea;false;ocean;0
1831;15;9;60;sea;true;ocean;0
1832;22;0;22;sea;true;ocean;0
1833;39;18;20;sea;false;ocean;0
1834;9;38;2;sea;false;ocean;0
1835;46;4;23;sea;true;ocean;0
1836;20;24;23;sea;false;ocean;0
1837;29;7;34;sea;false;ocean;0
1838;8;4;81;sea;false;ocean;0
1839;16;27;29;sea;true;ocean;0
1840;26;11;15;sea;false;ocean;0
1841;52;13;32;sea;false;ocean;0
1842;35;29;23;sea;true;ocean;0
1843;15;16;32;sea;false;ocean;0
1844;38;43;10;sea;false;ocean;0
1845;17;58;10;sea;false;ocean;0
1846;1;31;60;sea;false;ocean;0
1847;11;10;11;sea;false;ocean;0
1848;3;1;1;sea;false;ocean;0
1849;41;14;25;sea;false;ocean;0
1850;3;35;43;sea;false;ocean;0
1851;22;37;6;sea;false;ocean;0
1852;12;23;11;sea;false;ocean;0
1853;20;29;36;sea;false;ocean;0
1854;37;3;52;sea;false;ocean;0
1855;71;15;7;sea;false;ocean;0
1856;6;45;39;sea;false;ocean;0
1857;56;13;6;sea;true;ocean;0
1858;7;38;33;sea;false;ocean;0
1859;8;47;11;sea;true;ocean;0
1860;54;14;5;sea;false;ocean;0
1861;18;27;45;sea;true;ocean;0
1862;42;31;7;sea;false;ocean;0
1863;1;14;40;sea;true;ocean;0
1864;27;33;36;sea;false;ocean;0
1865;2;46;44;sea;false;ocean;0
1866;32;13;23;sea;true;ocean;0
1867;65;21;5;sea;false;ocean;0
1868;28;27;12;sea;true;ocean;0
1869;4;41;27;sea;false;ocean;0
1870;47;39;1;sea;true;ocean;0
1871;74;7;3;sea;false;ocean;0
1872;54;3;4;sea;false;ocean;0
1873;33;8;51;sea;true;ocean;0
1874;7;79;7;sea;false;ocean;0
1875;26;40;1;sea;false;ocean;0
1876;35;21;34;sea;true;ocean;0
1877;3;6;2;sea;true;ocean;0
1878;43;17;15;sea;false;ocean;0
1879;9;14;44;sea;false;ocean;0
1880;16;23;22;sea;false;ocean;0
1881;21;11;27;sea;true;ocean;0
1882;28;20;35;sea;true;ocean;0
1883;2;20;42;sea;true;ocean;0
1884;24;27;14;sea;false;ocean;0
1885;20;24;27;sea;false;ocean;0
1886;25;23;16;sea;false;ocean;0
1887;25;47;8;sea;false;ocean;0
1888;0;9;72;sea;false;ocean;0
1889;28;1;58;sea;false;ocean;0
1890;23;42;24;sea;true;ocean;0
1891;17;69;13;sea;false;ocean;0
1892;8;46;7;sea;false;ocean;0
1893;27;0;69;sea;true;ocean;0
1894;50;1;5;sea;false;ocean;0
1895;6;83;8;sea;true;ocean;0
1896;50;6;39;sea;true;ocean;0
1897;2;38;8;sea;false;ocean;0
1898;16;14;60;sea;false;ocean;0
1899;2;53;37;sea;true;ocean;0
1900;32;11;11;sea;false;ocean;0
1901;9;45;7;sea;false;ocean;0
1902;16;45;18;sea;false;ocean;0
1903;9;3;19;sea;false;ocean;0
1904;14;5;67;sea;true;ocean;0
1905;20;64;12;sea;false;ocean;0
1906;10;0;13;sea;false;ocean;0
1907;11;1;8;sea;true;ocean;0
1908;9;77;8;sea;false;ocean;0
1909;23;24;40;sea;false;ocean;0
1910;23;27;29;sea;false;ocean;0
1911;34;23;11;sea;true;ocean;0
1912;28;45;4;sea;false;ocean;0
1913;7;3;73;sea;false;ocean;0
1914;2;21;68;sea;false;ocean;0
1915;56;16;5;sea;false;ocean;0
1916;12;46;17;sea;false;ocean;0
1917;0;5;78;sea;false;ocean;0
1918;22;48;19;sea;true;ocean;0
1919;27;21;50;sea;false;ocean;0
1920;22;47;30;sea;false;ocean;0
1921;45;14;1;sea;false;ocean;0
1922;4;72;23;sea;false;ocean;0
1923;10;76;2;sea;false;ocean;0
1924;12;56;30;sea;false;ocean;0
1925;4;4;56;sea;false;ocean;0
1926;10;30;22;sea;false;ocean;0
1927;18;29;52;sea;false;ocean;0
1928;2;45;16;sea;true;ocean;0
1929;25;16;17;sea;false;ocean;0
1930;20;9;60;sea;true;ocean;0
1931;60;21;4;sea;false;ocean;0
1932;13;42;25;sea;false;ocean;0
1933;8;17;52;sea;true;ocean;0
1934;14;37;16;sea;false;ocean;0
1935;2;2;2;sea;true;ocean;0
1936;17;24;14;sea;false;ocean;0
1937;34;11;24;sea;false;ocean;0
1938;7;8;33;sea;true;ocean;0
1939;0;12;24;sea;false;ocean;0
1940;4;71;5;sea;false;ocean;0
1941;24;25;38;sea;false;ocean;0
1942;2;44;34;sea;false;ocean;0
1943;5;20;23;sea;true;ocean;0
1944;13;20;34;sea;false;ocean;0
1945;4;35;4;sea;true;ocean;0
1946;33;29;27;sea;false;ocean;0
1947;21;23;36;sea;true;ocean;0
1948;34;24;0;sea;false;ocean;0
1949;36;3;45;sea;false;ocean;0
1950;34;37;19;sea;false;ocean;0
1951;66;6;27;sea;false;ocean;0
1952;24;34;36;sea;true;ocean;0
1953;21;38;33;sea;false;ocean;0
1954;0;52;44;sea;true;ocean;0
1955;56;1;7;sea;false;ocean;0
1956;7;34;40;sea;false;ocean;0
1957;27;9;32;sea;false;ocean;0
1958;18;21;18;sea;false;ocean;0
1959;9;4;55;sea;true;ocean;0
1960;53;13;28;sea;false;ocean;0
1961;11;25;6;sea;false;ocean;0
1962;16;61;3;sea;false;ocean;0
1963;15;11;43;sea;false;ocean;0
1964;15;21;1;sea;false;ocean;0
1965;23;42;26;sea;false;ocean;0
1966;31;67;14;lake;false;lakes;0
1967;111;11;13;lake;false;lakes;0
1968;88;7;6;lake;false;lakes;0
1969;48;67;4;lake;false;lakes;0
1970;33;45;45;lake;false;lakes;0
1971;114;8;24;lake;false;lakes;0
1972;94;33;8;lake;false;lakes;0
1973;33;7;63;lake;false;lakes;0
1974;19;27;87;lake;false;lakes;0
1975;45;21;58;lake;false;lakes;0
1976;24;79;29;lake;false;lakes;0
1977;48;56;23;lake;false;lakes;0
1978;26;90;26;lake;false;lakes;0
1979;8;83;47;lake;false;lakes;0
1980;99;15;27;lake;false;lakes;0
1981;51;28;68;lake;false;lakes;0
1982;16;3;95;lake;false;lakes;0
1983;22;94;29;lake;false;lakes;0
1984;98;6;22;lake;false;lakes;0
1985;15;64;53;lake;false;lakes;0
1986;1;12;108;lake;false;lakes;0
1987;73;71;2;lake;false;lakes;0
1988;73;18;36;lake;false;lakes;0
1989;49;51;5;lake;false;lakes;0
1990;40;70;5;lake;false;lakes;0
1991;72;54;7;lake;false;lakes;0
1992;60;22;21;lake;false;lakes;0
1993;63;23;38;lake;false;lakes;0
1994;34;16;75;lake;false;lakes;0
1995;10;42;64;lake;false;lakes;0
1996;43;34;26;lake;false;lakes;0
1997;30;61;22;lake;false;lakes;0
1998;54;23;59;lake;false;lakes;0
1999;27;1;114;lake;false;lakes;0
2000;61;84;2;lake;false;lakes;0
2001;87;23;34;lake;false;lakes;0
2002;60;34;54;lake;false;lakes;0
2003;63;22;49;lake;false;lakes;0
2004;0;131;11;lake;false;lakes;0
2005;66;25;12;lake;false;lakes;0
2006;24;62;23;lake;false;lakes;0
2007;35;37;69;lake;false;lakes;0
2008;48;60;1;lake;false;lakes;0
2009;45;11;52;lake;false;lakes;0
2010;40;68;32;lake;false;lakes;0
2011;29;48;63;lake;false;lakes;0
2012;35;4;87;lake;false;lakes;0
2013;60;73;16;lake;false;lakes;0
2014;14;15;119;lake;false;lakes;0
2015;104;9;1;lake;false;lakes;0
2016;14;30;99;lake;false;lakes;0
2017;81;26;9;lake;false;lakes;0
2018;9;1;138;lake;false;lakes;0
2019;11;3;119;lake;false;lakes;0
2020;37;65;3;lake;false;lakes;0
2021;10;3;111;lake;false;lakes;0
2022;18;58;73;lake;false;lakes;0
2023;10;98;13;lake;false;lakes;0
2024;6;61;61;lake;false;lakes;0
2025;38;48;30;lake;false;lakes;0
2026;37;3;100;lake;false;lakes;0
2027;27;65;37;lake;false;lakes;0
2028;84;26;37;lake;false;lakes;0
2029;74;0;69;lake;false;lakes;0
2030;50;30;36;lake;false;lakes;0
2031;0;97;25;lake;false;lakes;0
2032;67;54;23;lake;false;lakes;0
2033;1;41;66;lake;false;lakes;0
2034;1;36;106;lake;false;lakes;0
2035;39;65;6;lake;false;lakes;0
2036;44;18;49;lake;false;lakes;0
2037;50;2;84;lake;false;lakes;0
2038;50;22;40;lake;false;lakes;0
2039;31;74;11;lake;false;lakes;0
2040;75;37;19;lake;false;lakes;0
2041;60;68;3;lake;false;lakes;0
2042;31;25;61;lake;false;lakes;0
2043;41;51;41;lake;false;lakes;0
2044;14;43;91;lake;false;lakes;0
2045;80;52;10;lake;false;lakes;0
2046;70;61;14;lake;false;lakes;0
2047;52;0;52;lake;false;lakes;0
2048;53;56;7;lake;false;lakes;0
2049;39;2;89;lake;false;lakes;0
2050;15;15;82;lake;false;lakes;0
2051;71;2;34;lake;false;lakes;0
2052;0;87;22;lake;false;lakes;0
2053;39;46;39;lake;false;lakes;0
2054;104;21;19;lake;false;lakes;0
2055;18;13;103;lake;false;lakes;0
2056;97;13;22;lake;false;lakes;0
2057;68;1;79;lake;false;lakes;0
2058;30;61;13;lake;false;lakes;0
2059;57;50;29;lake;false;lakes;0
2060;11;79;53;lake;false;lakes;0
2061;36;36;73;lake;false;lakes;0
2062;44;65;31;lake;false;lakes;0
2063;64;75;3;lake;false;lakes;0
2064;16;107;23;lake;false;lakes;0
2065;3;60;64;lake;false;lakes;0
2066;41;73;10;lake;false;lakes;0
2067;92;29;4;lake;false;lakes;0
2068;0;21;110;lake;false;lakes;0
2069;15;6;87;lake;false;lakes;0
2070;43;4;70;lake;false;lakes;0
2071;37;88;4;lake;false;lakes;0
2072;33;40;69;lake;false;lakes;0
2073;30;57;46;lake;false;lakes;0
2074;42;69;25;lake;false;lakes;0
2075;82;19;42;lake;false;lakes;0
2076;29;0;72;lake;false;lakes;0
2077;19;93;32;lake;false;lakes;0
2078;19;112;18;lake;false;lakes;0
2079;25;47;43;lake;false;lakes;0
2080;23;39;49;lake;false;lakes;0
2081;15;112;5;lake;false;lakes;0
2082;45;74;18;lake;false;lakes;0
2083;44;29;75;lake;false;lakes;0
2084;40;69;17;lake;false;lakes;0
2085;14;25;110;lake;false;lakes;0
2086;94;17;17;lake;false;lakes;0
2087;26;88;26;lake;false;lakes;0
2088;53;52;17;lake;false;lakes;0
2089;127;5;3;lake;false;lakes;0
2090;52;5;91;lake;false;lakes;0
2091;7;56;53;lake;false;lakes;0
2092;29;6;73;lake;false;lakes;0
2093;64;13;27;lake;false;lakes;0
2094;29;71;26;lake;false;lakes;0
2095;103;17;4;lake;false;lakes;0
2096;43;26;39;lake;false;lakes;0
2097;3;62;82;lake;false;lakes;0
2098;5;70;39;lake;false;lakes;0
2099;20;82;5;lake;false;lakes;0
2100;1;5;126;lake;false;lakes;0
2101;92;14;7;lake;false;lakes;0
2102;64;62;10;lake;false;lakes;0
2103;48;88;0;lake;false;lakes;0
2104;51;75;9;lake;false;lakes;0
2105;7;125;14;lake;false;lakes;0
2106;20;2;94;lake;false;lakes;0
2107;18;63;62;lake;false;lakes;0
2108;20;32;82;lake;false;lakes;0
2109;77;13;59;lake;false;lakes;0
2110;8;19;83;lake;false;lakes;0
2111;35;32;48;lake;false;lakes;0
2112;68;0;76;lake;false;lakes;0
2113;73;14;56;lake;false;lakes;0
2114;4;18;124;lake;false;lakes;0
2115;20;86;14;lake;false;lakes;0
2116;80;27;16;lake;false;lakes;0
2117;44;12;73;lake;false;lakes;0
2118;11;27;88;lake;false;lakes;0
2119;1;128;4;lake;false;lakes;0
2120;64;39;8;lake;false;lakes;0
2121;43;14;56;lake;false;lakes;0
2122;28;75;1;lake;false;lakes;0
2123;36;24;55;lake;false;lakes;0
2124;49;56;35;lake;false;lakes;0
2125;93;19;8;lake;false;lakes;0
2126;42;60;16;lake;false;lakes;0
2127;24;30;52;lake;false;lakes;0
2128;45;57;36;lake;false;lakes;0
2129;16;73;35;lake;false;lakes;0
2130;15;121;4;lake;false;lakes;0
2131;33;48;55;lake;false;lakes;0
2132;69;6;70;lake;false;lakes;0
2133;97;32;4;lake;false;lakes;0
2134;39;106;1;lake;false;lakes;0
2135;68;31;32;lake;false;lakes;0
2136;25;4;94;lake;false;lakes;0
2137;18;18;99;lake;false;lakes;0
2138;50;34;26;lake;false;lakes;0
2139;21;15;101;lake;false;lakes;0
2140;32;43;66;lake;false;lakes;0
2141;43;61;32;lake;false;lakes;0
2142;0;120;9;lake;false;lakes;0
2143;3;113;12;lake;false;lakes;0
2144;97;11;18;lake;false;lakes;0
2145;24;80;16;lake;false;lakes;0
2146;45;82;3;lake;false;lakes;0
2147;82;11;10;lake;false;lakes;0
2148;109;1;14;lake;false;lakes;0
2149;7;81;16;lake;false;lakes;0
2150;22;28;51;lake;false;lakes;0
2151;10;61;36;lake;false;lakes;0
2152;132;12;3;lake;false;lakes;0
2153;87;11;14;lake;false;lakes;0
2154;3;109;2;lake;false;lakes;0
2155;39;19;51;lake;false;lakes;0
2156;68;60;17;lake;false;lakes;0
2157;110;15;3;lake;false;lakes;0
2158;1;2;139;lake;false;lakes;0
2159;61;35;29;lake;false;lakes;0
2160;59;48;5;lake;false;lakes;0
2161;98;13;17;lake;false;lakes;0
2162;88;12;28;lake;false;lakes;0
2163;7;45;79;lake;false;lakes;0
2164;63;6;49;lake;false;lakes;0
2165;17;106;26;lake;false;lakes;0
2166;90;34;12;lake;false;lakes;0
2167;0;30;105;lake;false;lakes;0
2168;49;87;3;lake;false;lakes;0
2169;59;52;11;lake;false;lakes;0
2170;75;6;43;lake;false;lakes;0
2171;62;69;4;lake;false;lakes;0
2172;97;2;48;lake;false;lakes;0
2173;18;68;29;lake;false;lakes;0
2174;38;80;24;lake;false;lakes;0
2175;8;84;36;lake;false;lakes;0
2176;31;94;11;lake;false;lakes;0
2177;42;70;18;lake;false;lakes;0
2178;73;10;45;lake;false;lakes;0
2179;23;44;57;lake;false;lakes;0
2180;36;23;57;lake;false;lakes;0
2181;16;95;38;lake;false;lakes;0
2182;5;82;57;lake;false;lakes;0
2183;53;23;37;lake;false;lakes;0
2184;55;46;13;lake;false;lakes;0
2185;46;2;100;lake;false;lakes;0
2186;2;91;32;lake;false;lakes;0
2187;32;42;68;lake;false;lakes;0
2188;29;43;62;lake;false;lakes;0
2189;84;42;11;lake;false;lakes;0
2190;17;115;10;lake;false;lakes;0
2191;0;62;71;lake;false;lakes;0
2192;54;54;32;lake;false;lakes;0
2193;27;102;3;lake;false;lakes;0
2194;78;3;34;lake;false;lakes;0
2195;78;51;8;lake;false;lakes;0
2196;21;47;57;lake;false;lakes;0
2197;15;50;69;lake;false;lakes;0
2198;85;43;21;lake;false;lakes;0
2199;25;35;85;lake;false;lakes;0
2200;100;1;13;lake;false;lakes;0
2201;19;103;10;lake;false;lakes;0
2202;23;90;4;lake;false;lakes;0
2203;58;28;44;lake;false;lakes;0
2204;11;80;22;lake;false;lakes;0
2205;87;11;25;lake;false;lakes;0
2206;68;34;2;lake;false;lakes;0
2207;67;5;56;lake;false;lakes;0
2208;37;84;10;lake;false;lakes;0
2209;1;6;111;lake;false;lakes;0
2210;39;44;50;lake;false;lakes;0
2211;66;58;20;lake;false;lakes;0
2212;6;0;105;lake;false;lakes;0
2213;60;10;36;lake;false;lakes;0
2214;12;18;100;lake;false;lakes;0
2215;23;14;101;lake;false;lakes;0
2216;27;19;100;lake;false;lakes;0
2217;57;2;51;lake;false;lakes;0
2218;21;100;15;lake;false;lakes;0
2219;93;4;34;lake;false;lakes;0
2220;88;27;10;lake;false;lakes;0
2221;53;38;46;lake;false;lakes;0
2222;10;4;90;lake;false;lakes;0
2223;45;63;29;lake;false;lakes;0
2224;98;9;23;lake;false;lakes;0
2225;21;120;4;lake;false;lakes;0
2226;13;0;92;lake;false;lakes;0
2227;29;82;7;lake;false;lakes;0
2228;32;65;15;lake;false;lakes;0
2229;69;29;27;lake;false;lakes;0
2230;96;50;1;lake;false;lakes;0
2231;13;81;7;lake;false;lakes;0
2232;23;25;80;lake;false;lakes;0
2233;103;7;8;lake;false;lakes;0
2234;0;28;112;lake;false;lakes;0
2235;67;33;5;lake;false;lakes;0
2236;24;66;40;lake;false;lakes;0
2237;39;90;7;lake;false;lakes;0
2238;37;51;46;lake;false;lakes;0
2239;24;41;51;lake;false;lakes;0
2240;56;83;9;lake;false;lakes;0
2241;99;8;4;lake;false;lakes;0
2242;33;71;25;lake;false;lakes;0
2243;46;40;63;lake;false;lakes;0
2244;29;85;32;lake;false;lakes;0
2245;113;31;0;lake;false;lakes;0
2246;5;77;42;lake;false;lakes;0
2247;35;39;31;lake;false;lakes;0
2248;110;10;14;lake;false;lakes;0
2249;26;42;40;lake;false;lakes;0
2250;2;36;111;lake;false;lakes;0
2251;33;55;24;lake;false;lakes;0
2252;91;31;22;lake;false;lakes;0
2253;46;82;9;lake;false;lakes;0
2254;63;52;29;lake;false;lakes;0
2255;41;71;3;lake;false;lakes;0
2256;18;71;33;lake;false;lakes;0
2257;58;33;36;lake;false;lakes;0
2258;78;42;28;lake;false;lakes;0
2259;32;71;6;lake;false;lakes;0
2260;57;76;2;lake;false;lakes;0
2261;69;44;29;lake;false;lakes;0
2262;37;44;59;lake;false;lakes;0
2263;68;5;43;lake;false;lakes;0
2264;94;12;7;lake;false;lakes;0
2265;59;42;47;lake;false;lakes;0
2266;11;28;99;lake;false;lakes;0
2267;31;52;56;lake;false;lakes;0
2268;85;25;32;lake;false;lakes;0
2269;45;61;33;lake;false;lakes;0
2270;21;96;24;lake;false;lakes;0
2271;23;67;55;lake;false;lakes;0
2272;61;4;47;lake;false;lakes;0
2273;83;40;15;lake;false;lakes;0
2274;28;44;30;lake;false;lakes;0
2275;89;9;17;lake;false;lakes;0
2276;52;58;6;lake;false;lakes;0
